StartDate,EndDate,Status,IPAddress,Progress,Duration (in seconds),Finished,RecordedDate,ResponseId,RecipientLastName,RecipientFirstName,RecipientEmail,ExternalReference,LocationLatitude,LocationLongitude,DistributionChannel,UserLanguage,Q1,Q3,Q1,Q2,Q33_1,Q33_2,Q33_3,Q33_4,Q33_5,Q33_6,Q33_7,Q33_8,Q33_9,Q33_10,Q33_11,Q33_12,Q33_13,Q33_14,Q33_15,Q33_16,Q33_17,Q33_18,Q33_19,Q33_20,Q33_21,Q33_22,Q33_23,Q107_1,Q108_1,Q109_1,Q110_1,Q121_1,Q122_1,Q123_1,Q124_1,Q126_1,Q127_1,Q128_1,Q129_1,Q131_1,Q132_1,Q133_1,Q134_1,Q136_1,Q137_1,Q138_1,Q139_1,Q141_1,Q142_1,Q143_1,Q144_1,Q146_1,Q147_1,Q148_1,Q149_1,Q151_1,Q152_1,Q153_1,Q154_1,Q156_1,Q157_1,Q158_1,Q159_1,Q161_1,Q162_1,Q163_1,Q164_1,Q171_1,Q172_1,Q173_1,Q174_1,Q166_1,Q167_1,Q168_1,Q169_1,Q176_1,Q177_1,Q178_1,Q179_1,Q181_1,Q182_1,Q183_1,Q184_1,Q186_1,Q187_1,Q188_1,Q189_1,Q191_1,Q192_1,Q193_1,Q194_1,Q196_1,Q197_1,Q198_1,Q199_1,Q206_1,Q207_1,Q208_1,Q209_1,Q211_1,Q212_1,Q213_1,Q214_1,Q201_1,Q202_1,Q203_1,Q204_1,Q216_1,Q217_1,Q218_1,Q219_1,Q221_1,Q222_1,Q223_1,Q224_1,Q231_1,Q232_1,Q233_1,Q234_1,Q226_1,Q227_1,Q228_1,Q229_1,Q236_1,Q237_1,Q238_1,Q239_1,Q241_1,Q242_1,Q243_1,Q244_1,Q246_1,Q247_1,Q248_1,Q249_1,Q251_1,Q252_1,Q253_1,Q254_1,Q248,Q250_1,Q251_1,Q252_1,Q262,Q263_1,Q264_1,Q265_1,Q266,Q267_1,Q268_1,Q269_1,Q270,Q271_1,Q272_1,Q273_1,Q274,Q275_1,Q276_1,Q277_1,Q278,Q279_1,Q280_1,Q281_1,Q282,Q283_1,Q284_1,Q285_1
Start Date,End Date,Response Type,IP Address,Progress,Duration (in seconds),Finished,Recorded Date,Response ID,Recipient Last Name,Recipient First Name,Recipient Email,External Data Reference,Location Latitude,Location Longitude,Distribution Channel,User Language,Enter your Prolific ID here (unless auto-completed already):,"Consent Form

 

This is to confirm that you are 18 years of age or older, you understand the purpose of the project, what is involved and that you are happy to participate.  

 

1. Participation in this survey is entirely voluntary and you can withdraw at any time during the expreiment. 

2. Your details will not be identifiable. As a result, your data will be anonymised, and it will not be possible to withdraw them from the study after completion.

3. All given responses will be analysed and presented as group aggregates, and used for academic research. 

4. Your data will be maintained by Durham University & The Northern Bridge Consortium. All anonymised research data and records needed to validate the research findings will be published in an open access PhD publication and stored by Durham University for 10 years.

5. You confirm that you have understood the information given to you, and the privacy policy for this project. 

6. You opt-in to take part in the study. 

 

You are reminded that you may leave the survey at any given point. You are not forced to take part in this study, if you do not wish to do so.",What is your age in years?,How do you currently describe your gender identity?,"Please indicate your basic preference for
each of
the
following
genres using the scale provided - Alternative","Please indicate your basic preference for
each of
the
following
genres using the scale provided - Bluegrass","Please indicate your basic preference for
each of
the
following
genres using the scale provided - Blues","Please indicate your basic preference for
each of
the
following
genres using the scale provided - Classical","Please indicate your basic preference for
each of
the
following
genres using the scale provided - Country","Please indicate your basic preference for
each of
the
following
genres using the scale provided - Dance/Electronica","Please indicate your basic preference for
each of
the
following
genres using the scale provided - Folk","Please indicate your basic preference for
each of
the
following
genres using the scale provided - Funk","Please indicate your basic preference for
each of
the
following
genres using the scale provided - Gospel","Please indicate your basic preference for
each of
the
following
genres using the scale provided - Heavy Metal","Please indicate your basic preference for
each of
the
following
genres using the scale provided - World","Please indicate your basic preference for
each of
the
following
genres using the scale provided - Jazz","Please indicate your basic preference for
each of
the
following
genres using the scale provided - New Age","Please indicate your basic preference for
each of
the
following
genres using the scale provided - Oldies","Please indicate your basic preference for
each of
the
following
genres using the scale provided - Opera","Please indicate your basic preference for
each of
the
following
genres using the scale provided - Pop","Please indicate your basic preference for
each of
the
following
genres using the scale provided - Punk","Please indicate your basic preference for
each of
the
following
genres using the scale provided - Rap/hip-hop","Please indicate your basic preference for
each of
the
following
genres using the scale provided - Reggae","Please indicate your basic preference for
each of
the
following
genres using the scale provided - Religious","Please indicate your basic preference for
each of
the
following
genres using the scale provided - Rock","Please indicate your basic preference for
each of
the
following
genres using the scale provided - Soul/R&B","Please indicate your basic preference for
each of
the
following
genres using the scale provided - Soundtracks/theme song",How sleepy or awake do you feel? - Sleepy - Awake,How negative or positive do you feel? - Negative - Positive,How intense is your emotional experience? - No Emotion - Very Strong,Do you like the music? - Not at all - Very Much,How sleepy or awake do you feel? - Sleepy - Awake,How negative or positive do you feel? - Negative - Positive,How intense is your emotional experience? - No Emotion - Very Strong,Do you like the music? - Not at all - Very Much,How sleepy or awake do you feel? - Sleepy - Awake,How negative or positive do you feel? - Negative - Positive,How intense is your emotional experience? - No Emotion - Very Strong,Do you like the music? - Not at all - Very Much,How sleepy or awake do you feel? - Sleepy - Awake,How negative or positive do you feel? - Negative - Positive,How intense is your emotional experience? - No Emotion - Very Strong,Do you like the music? - Not at all - Very Much,How sleepy or awake do you feel? - Sleepy - Awake,How negative or positive do you feel? - Negative - Positive,How intense is your emotional experience? - No Emotion - Very Strong,Do you like the music? - Not at all - Very Much,How sleepy or awake do you feel? - Sleepy - Awake,How negative or positive do you feel? - Negative - Positive,How intense is your emotional experience? - No Emotion - Very Strong,Do you like the music? - Not at all - Very Much,How sleepy or awake do you feel? - Sleepy - Awake,How negative or positive do you feel? - Negative - Positive,How intense is your emotional experience? - No Emotion - Very Strong,Do you like the music? - Not at all - Very Much,How sleepy or awake do you feel? - Sleepy - Awake,How negative or positive do you feel? - Negative - Positive,How intense is your emotional experience? - No Emotion - Very Strong,Do you like the music? - Not at all - Very Much,How sleepy or awake do you feel? - Sleepy - Awake,How negative or positive do you feel? - Negative - Positive,How intense is your emotional experience? - No Emotion - Very Strong,Do you like the music? - Not at all - Very Much,How sleepy or awake do you feel? - Sleepy - Awake,How negative or positive do you feel? - Negative - Positive,How intense is your emotional experience? - No Emotion - Very Strong,Do you like the music? - Not at all - Very Much,How sleepy or awake do you feel? - Sleepy - Awake,How negative or positive do you feel? - Negative - Positive,How intense is your emotional experience? - No Emotion - Very Strong,Do you like the music? - Not at all - Very Much,How sleepy or awake do you feel? - Sleepy - Awake,How negative or positive do you feel? - Negative - Positive,How intense is your emotional experience? - No Emotion - Very Strong,Do you like the music? - Not at all - Very Much,How sleepy or awake do you feel? - Sleepy - Awake,How negative or positive do you feel? - Negative - Positive,How intense is your emotional experience? - No Emotion - Very Strong,Do you like the music? - Not at all - Very Much,How sleepy or awake do you feel? - Sleepy - Awake,How negative or positive do you feel? - Negative - Positive,How intense is your emotional experience? - No Emotion - Very Strong,Do you like the music? - Not at all - Very Much,How sleepy or awake do you feel? - Sleepy - Awake,How negative or positive do you feel? - Negative - Positive,How intense is your emotional experience? - No Emotion - Very Strong,Do you like the music? - Not at all - Very Much,How sleepy or awake do you feel? - Sleepy - Awake,How negative or positive do you feel? - Negative - Positive,How intense is your emotional experience? - No Emotion - Very Strong,Do you like the music? - Not at all - Very Much,How sleepy or awake do you feel? - Sleepy - Awake,How negative or positive do you feel? - Negative - Positive,How intense is your emotional experience? - No Emotion - Very Strong,Do you like the music? - Not at all - Very Much,How sleepy or awake do you feel? - Sleepy - Awake,How negative or positive do you feel? - Negative - Positive,How intense is your emotional experience? - No Emotion - Very Strong,Do you like the music? - Not at all - Very Much,How sleepy or awake do you feel? - Sleepy - Awake,How negative or positive do you feel? - Negative - Positive,How intense is your emotional experience? - No Emotion - Very Strong,Do you like the music? - Not at all - Very Much,How sleepy or awake do you feel? - Sleepy - Awake,How negative or positive do you feel? - Negative - Positive,How intense is your emotional experience? - No Emotion - Very Strong,Do you like the music? - Not at all - Very Much,How sleepy or awake do you feel? - Sleepy - Awake,How negative or positive do you feel? - Negative - Positive,How intense is your emotional experience? - No Emotion - Very Strong,Do you like the music? - Not at all - Very Much,How sleepy or awake do you feel? - Sleepy - Awake,How negative or positive do you feel? - Negative - Positive,How intense is your emotional experience? - No Emotion - Very Strong,Do you like the music? - Not at all - Very Much,How sleepy or awake do you feel? - Sleepy - Awake,How negative or positive do you feel? - Negative - Positive,How intense is your emotional experience? - No Emotion - Very Strong,Do you like the music? - Not at all - Very Much,How sleepy or awake do you feel? - Sleepy - Awake,How negative or positive do you feel? - Negative - Positive,How intense is your emotional experience? - No Emotion - Very Strong,Do you like the music? - Not at all - Very Much,How sleepy or awake do you feel? - Sleepy - Awake,How negative or positive do you feel? - Negative - Positive,How intense is your emotional experience? - No Emotion - Very Strong,Do you like the music? - Not at all - Very Much,How sleepy or awake do you feel? - Sleepy - Awake,How negative or positive do you feel? - Negative - Positive,How intense is your emotional experience? - No Emotion - Very Strong,Do you like the music? - Not at all - Very Much,How sleepy or awake do you feel? - Sleepy - Awake,How negative or positive do you feel? - Negative - Positive,How intense is your emotional experience? - No Emotion - Very Strong,Do you like the music? - Not at all - Very Much,How sleepy or awake do you feel? - Sleepy - Awake,How negative or positive do you feel? - Negative - Positive,How intense is your emotional experience? - No Emotion - Very Strong,Do you like the music? - Not at all - Very Much,"Imagine a scenario where you are using music to...

 
enhance your mood

 

Please provide a YouTube link to the music that would best perform this function for you (or list the artist and title) and rate your FELT response to this music in this scenario.",How sleepy or awake do you feel? - Sleepy - Awake,How negative or positive do you feel? - Negative - Positive,How intense is your emotional experience? - No Emotion - Very Strong,"Imagine a scenario where you are using music to...


help you relax


Please provide a YouTube link to the music that would best perform this function for you (or list the artist and title) and rate your FELT response to this music in this scenario.",How sleepy or awake do you feel? - Sleepy - Awake,How negative or positive do you feel? - Negative - Positive,How intense is your emotional experience? - No Emotion - Very Strong,"Imagine a scenario where you are using music to...


take your mind off things


Please provide a YouTube link to the music that would best perform this function for you (or list the artist and title) and rate your FELT response to this music in this scenario.",How sleepy or awake do you feel? - Sleepy - Awake,How negative or positive do you feel? - Negative - Positive,How intense is your emotional experience? - No Emotion - Very Strong,"Imagine a scenario where you are using music to...


comfort you when you are sad


Please provide a YouTube link to the music that would best perform this function for you (or list the artist and title) and rate your FELT response to this music in this scenario.",How sleepy or awake do you feel? - Sleepy - Awake,How negative or positive do you feel? - Negative - Positive,How intense is your emotional experience? - No Emotion - Very Strong,"Imagine a scenario where you are using music to...

give you the energy for the day


Please provide a YouTube link to the music that would best perform this function for you (or list the artist and title) and rate your FELT response to this music in this scenario.",How sleepy or awake do you feel? - Sleepy - Awake,How negative or positive do you feel? - Negative - Positive,How intense is your emotional experience? - No Emotion - Very Strong,"Imagine a scenario where you are using music to...


forget the world


Please provide a YouTube link to the music that would best perform this function for you (or list the artist and title) and rate your FELT response to this music in this scenario.",How sleepy or awake do you feel? - Sleepy - Awake,How negative or positive do you feel? - Negative - Positive,How intense is your emotional experience? - No Emotion - Very Strong,"Imagine a scenario where you are using music to...


talk about with your friends


Please provide a YouTube link to the music that would best perform this function for you (or list the artist and title) and rate your FELT response to this music in this scenario.",How sleepy or awake do you feel? - Sleepy - Awake,How negative or positive do you feel? - Negative - Positive,How intense is your emotional experience? - No Emotion - Very Strong
"{""ImportId"":""startDate"",""timeZone"":""Europe/London""}","{""ImportId"":""endDate"",""timeZone"":""Europe/London""}","{""ImportId"":""status""}","{""ImportId"":""ipAddress""}","{""ImportId"":""progress""}","{""ImportId"":""duration""}","{""ImportId"":""finished""}","{""ImportId"":""recordedDate"",""timeZone"":""Europe/London""}","{""ImportId"":""_recordId""}","{""ImportId"":""recipientLastName""}","{""ImportId"":""recipientFirstName""}","{""ImportId"":""recipientEmail""}","{""ImportId"":""externalDataReference""}","{""ImportId"":""locationLatitude""}","{""ImportId"":""locationLongitude""}","{""ImportId"":""distributionChannel""}","{""ImportId"":""userLanguage""}","{""ImportId"":""QID2_TEXT""}","{""ImportId"":""QID4""}","{""ImportId"":""QID5_TEXT""}","{""ImportId"":""QID6""}","{""ImportId"":""QID35_1""}","{""ImportId"":""QID35_2""}","{""ImportId"":""QID35_3""}","{""ImportId"":""QID35_4""}","{""ImportId"":""QID35_5""}","{""ImportId"":""QID35_6""}","{""ImportId"":""QID35_7""}","{""ImportId"":""QID35_8""}","{""ImportId"":""QID35_9""}","{""ImportId"":""QID35_10""}","{""ImportId"":""QID35_11""}","{""ImportId"":""QID35_12""}","{""ImportId"":""QID35_13""}","{""ImportId"":""QID35_14""}","{""ImportId"":""QID35_15""}","{""ImportId"":""QID35_16""}","{""ImportId"":""QID35_17""}","{""ImportId"":""QID35_18""}","{""ImportId"":""QID35_19""}","{""ImportId"":""QID35_20""}","{""ImportId"":""QID35_21""}","{""ImportId"":""QID35_22""}","{""ImportId"":""QID35_23""}","{""ImportId"":""QID116_1""}","{""ImportId"":""QID117_1""}","{""ImportId"":""QID118_1""}","{""ImportId"":""QID119_1""}","{""ImportId"":""QID121_1""}","{""ImportId"":""QID122_1""}","{""ImportId"":""QID123_1""}","{""ImportId"":""QID124_1""}","{""ImportId"":""QID126_1""}","{""ImportId"":""QID127_1""}","{""ImportId"":""QID128_1""}","{""ImportId"":""QID129_1""}","{""ImportId"":""QID131_1""}","{""ImportId"":""QID132_1""}","{""ImportId"":""QID133_1""}","{""ImportId"":""QID134_1""}","{""ImportId"":""QID136_1""}","{""ImportId"":""QID137_1""}","{""ImportId"":""QID138_1""}","{""ImportId"":""QID139_1""}","{""ImportId"":""QID141_1""}","{""ImportId"":""QID142_1""}","{""ImportId"":""QID143_1""}","{""ImportId"":""QID144_1""}","{""ImportId"":""QID146_1""}","{""ImportId"":""QID147_1""}","{""ImportId"":""QID148_1""}","{""ImportId"":""QID149_1""}","{""ImportId"":""QID151_1""}","{""ImportId"":""QID152_1""}","{""ImportId"":""QID153_1""}","{""ImportId"":""QID154_1""}","{""ImportId"":""QID156_1""}","{""ImportId"":""QID157_1""}","{""ImportId"":""QID158_1""}","{""ImportId"":""QID159_1""}","{""ImportId"":""QID161_1""}","{""ImportId"":""QID162_1""}","{""ImportId"":""QID163_1""}","{""ImportId"":""QID164_1""}","{""ImportId"":""QID171_1""}","{""ImportId"":""QID172_1""}","{""ImportId"":""QID173_1""}","{""ImportId"":""QID174_1""}","{""ImportId"":""QID166_1""}","{""ImportId"":""QID167_1""}","{""ImportId"":""QID168_1""}","{""ImportId"":""QID169_1""}","{""ImportId"":""QID176_1""}","{""ImportId"":""QID177_1""}","{""ImportId"":""QID178_1""}","{""ImportId"":""QID179_1""}","{""ImportId"":""QID181_1""}","{""ImportId"":""QID182_1""}","{""ImportId"":""QID183_1""}","{""ImportId"":""QID184_1""}","{""ImportId"":""QID186_1""}","{""ImportId"":""QID187_1""}","{""ImportId"":""QID188_1""}","{""ImportId"":""QID189_1""}","{""ImportId"":""QID191_1""}","{""ImportId"":""QID192_1""}","{""ImportId"":""QID193_1""}","{""ImportId"":""QID194_1""}","{""ImportId"":""QID196_1""}","{""ImportId"":""QID197_1""}","{""ImportId"":""QID198_1""}","{""ImportId"":""QID199_1""}","{""ImportId"":""QID206_1""}","{""ImportId"":""QID207_1""}","{""ImportId"":""QID208_1""}","{""ImportId"":""QID209_1""}","{""ImportId"":""QID211_1""}","{""ImportId"":""QID212_1""}","{""ImportId"":""QID213_1""}","{""ImportId"":""QID214_1""}","{""ImportId"":""QID201_1""}","{""ImportId"":""QID202_1""}","{""ImportId"":""QID203_1""}","{""ImportId"":""QID204_1""}","{""ImportId"":""QID216_1""}","{""ImportId"":""QID217_1""}","{""ImportId"":""QID218_1""}","{""ImportId"":""QID219_1""}","{""ImportId"":""QID221_1""}","{""ImportId"":""QID222_1""}","{""ImportId"":""QID223_1""}","{""ImportId"":""QID224_1""}","{""ImportId"":""QID231_1""}","{""ImportId"":""QID232_1""}","{""ImportId"":""QID233_1""}","{""ImportId"":""QID234_1""}","{""ImportId"":""QID226_1""}","{""ImportId"":""QID227_1""}","{""ImportId"":""QID228_1""}","{""ImportId"":""QID229_1""}","{""ImportId"":""QID236_1""}","{""ImportId"":""QID237_1""}","{""ImportId"":""QID238_1""}","{""ImportId"":""QID239_1""}","{""ImportId"":""QID241_1""}","{""ImportId"":""QID242_1""}","{""ImportId"":""QID243_1""}","{""ImportId"":""QID244_1""}","{""ImportId"":""QID246_1""}","{""ImportId"":""QID247_1""}","{""ImportId"":""QID248_1""}","{""ImportId"":""QID249_1""}","{""ImportId"":""QID251_1""}","{""ImportId"":""QID252_1""}","{""ImportId"":""QID253_1""}","{""ImportId"":""QID254_1""}","{""ImportId"":""QID257_TEXT""}","{""ImportId"":""QID259_1""}","{""ImportId"":""QID260_1""}","{""ImportId"":""QID261_1""}","{""ImportId"":""QID262_TEXT""}","{""ImportId"":""QID263_1""}","{""ImportId"":""QID264_1""}","{""ImportId"":""QID265_1""}","{""ImportId"":""QID266_TEXT""}","{""ImportId"":""QID267_1""}","{""ImportId"":""QID268_1""}","{""ImportId"":""QID269_1""}","{""ImportId"":""QID270_TEXT""}","{""ImportId"":""QID271_1""}","{""ImportId"":""QID272_1""}","{""ImportId"":""QID273_1""}","{""ImportId"":""QID274_TEXT""}","{""ImportId"":""QID275_1""}","{""ImportId"":""QID276_1""}","{""ImportId"":""QID277_1""}","{""ImportId"":""QID278_TEXT""}","{""ImportId"":""QID279_1""}","{""ImportId"":""QID280_1""}","{""ImportId"":""QID281_1""}","{""ImportId"":""QID282_TEXT""}","{""ImportId"":""QID283_1""}","{""ImportId"":""QID284_1""}","{""ImportId"":""QID285_1""}"
2022-05-27 13:48:35,2022-05-27 14:07:22,IP Address,94.15.235.196,100,1126,True,2022-05-27 14:07:22,R_3qy8Hhm9adFoStp,,,,,52.4391,-1.5039,anonymous,EN-GB,5ee7dcd80e830a0c4b5c5b18,"I consent, continue to experiment",33,Female,3,1.96,3.08,4.75,5.9,4.58,3.51,3.74,2.74,1.81,4.49,5.14,4.22,6.19,5.55,7,4.86,6.26,2.31,2.15,4.85,4.77,7,4.025,2.842,3.501,5.048,2.504,5.192,2.318,4.701,2.344,2.31,3.07,5.158,6.214,5.944,6.045,6.662,6.138,2.132,6.037,4.701,6.408,4.972,6.459,4.642,1.955,2.817,1.963,5.065,1.989,2.986,1.727,5.175,5.639,5.732,2.639,5.53,5.301,2.192,5.656,3.544,2.234,2.428,1.997,4.997,1.997,5.994,1.49,5.073,2.546,5.048,4.389,5.445,3.349,5.766,1.837,4.837,6.104,3.197,6.028,6.231,2.386,5.039,2.394,6.045,6.223,6.239,7,5.513,6.079,6.096,6.687,6.451,5.859,6.138,4.169,5.031,4.448,5.149,6.155,6.62,1.879,5.352,1.685,6.206,1.997,5.124,3.172,5.048,1.262,2.868,5.082,5.2,5.546,1.997,5.073,4.955,3.096,2.107,3.763,5.792,6.189,6.079,6.07,4.938,3.096,6.07,3.282,6.146,4.532,4.439,4.963,3.214,https://www.youtube.com/watch?v=IXXxciRUMzE,6.299,6.18,4.997,https://www.youtube.com/watch?v=3fF4IBIMruk&list=PLh2CwYobtzXyCPmhlVC0uC1swRP9jDJoN,4.693,6.341,4.879,youtube.com/watch?v=Yp5nPGWWMh4,6.037,6.958,6.603,https://www.youtube.com/watch?v=ZmDBbnmKpqQ,3.561,5.039,3.67,https://www.youtube.com/watch?v=0HDdjwpPM3Y,6.282,6.282,6.13,https://www.youtube.com/watch?v=v45F0YesdZM,2.893,5.724,5.699,https://www.youtube.com/watch?v=Wx3gRx0Fyzk,6.256,6.214,6.172
2022-05-27 13:45:48,2022-05-27 14:08:11,IP Address,146.90.18.152,100,1343,True,2022-05-27 14:08:12,R_eGaYMNQwkhTpOhj,,,,,55.0349,-7.2718,anonymous,EN-GB,612f5beeadebe8b6969dc5a9,"I consent, continue to experiment",75,Male,1.92,7,7,4.28,4.89,1,6.41,1,5.07,1,4.07,7,1.01,7,4.25,1.01,1,1.01,5.33,1.01,6.5,6.53,5.91,5.056,4.685,4.389,5.031,7,7,7,7,5.031,6.07,4.059,3.18,4.845,1,1,1.008,7,1,1,1,7,1,1,1,5.572,4.6,4.397,4.22,5.158,4.963,5.107,5.023,7,7,7,7,5.056,1,1.008,1.008,5.631,4.946,4.397,4.397,7,7,7,7,7,7,7,7,7,7,7,7,7,1,1,1,5.039,5.082,4.558,4.617,6.045,1,1.008,1.008,6.037,1,1.794,1.008,4.059,1,1.008,1.017,6.138,1,1,1,7,1.008,4.059,1,7,7,7,7,5.048,5.048,4.71,4.059,4.059,1.008,1,1,5.673,5.589,5.732,5.656,7,6.121,5.082,5.048,6.239,7,7,7,5.732,5.707,5.234,5.682,https://www.youtube.com/watch?v=s4rXEKtC8iY,7,7,7,https://www.youtube.com/watch?v=EOLV5fVf2G8,7,7,7,https://www.youtube.com/watch?v=Dtywt38RnX4,7,7,7,https://www.youtube.com/watch?v=kgRcCyey1hM,7,7,7,https://www.youtube.com/watch?v=UDIDawmeeI0,7,7,7,https://www.youtube.com/watch?v=9591zjK_n08,7,7,7,https://www.youtube.com/watch?v=KZ3BJYx43y0,7,7,7
2022-05-27 13:49:16,2022-05-27 14:36:23,IP Address,95.150.217.84,100,2826,True,2022-05-27 14:36:23,R_2BgjuAd8bgdW0tL,,,,,51.279,1.0763,anonymous,EN-GB,5f22f8d8e7195104928f837f,"I consent, continue to experiment",57,Male,1,3.9,5.01,7,3.26,5.07,1,1.92,4.43,4.74,4.14,4.79,2.78,5.79,5.33,6.13,3.1,1,4.83,2.83,6.34,4.74,7,4.27,3.806,5.538,6.079,4.685,4.118,4.845,5.175,4,4.777,3.4,5.039,6.07,2.944,5.099,1,6.18,4.017,4.135,1,7,5.065,6.079,5.107,1.879,4.059,2.961,4.465,3.037,7,5.082,7,3.037,4.794,2.994,4.854,4.161,3.848,3.265,1,1.93,4.921,5.065,5.639,4.634,4.093,5.039,5.293,3.924,4.262,1.963,1.854,4.549,5.014,4.423,5.293,4.769,4.059,4.296,1,1.93,5.132,3.02,5.775,6.13,5.124,4.997,5.082,7,3.958,3.028,1.735,5.783,4.473,4.406,1.093,4.406,3.003,4.575,1,2.293,3.772,5.099,4.355,5.048,4.186,5.192,6.13,1.989,6.07,5.901,7,5.555,2.369,4.304,1.811,5.039,5.048,5.014,5.876,5.749,3.814,2.335,1,4.38,3.966,4.837,5.276,6.079,4.304,1.93,1,Time by Hans Zimmer,6.003,7,5.58,Phil Collins against all odds,3.375,5.073,6.493,Sade Smooth Operator,6.02,5.056,5.073,Abba Winner takes it all,4.744,5.631,6.003,Ed Sheeran Shivers,6.992,6.037,5.124,Flock of seagulls I Ran,6.011,6.037,5.031,ELO Mr Blue Sky,4.397,5.589,4.608
2022-05-27 13:52:20,2022-05-27 14:08:43,IP Address,90.202.90.208,99,983,False,2022-05-27 14:43:48,R_1CvvrktGcmsfHI0,,,,,,,anonymous,EN-GB,6057809230133252aba175b0,"I consent, continue to experiment",22,Trans male,5.93,3.48,3.32,2.82,1.97,2.25,3.76,3.9,1.34,6.1,4.59,4.2,3.85,3.9,3.15,6.16,6.82,4.52,3.15,1.03,6.98,3.54,5.34,1.786,2.901,3.349,4.203,1.321,4.262,1.651,4.397,1.093,2.715,3.417,3.045,5.335,4.6,2.132,4.921,5.893,4.524,3.087,6.02,6.907,5.259,4.211,4.583,1.093,2.825,4.794,3.223,1.144,4.237,4.997,5.656,1.439,5.175,3.189,4.989,5.394,4.304,2.842,4.532,1.169,2.606,4.769,2.462,1.904,4.144,1.439,3.434,2.369,6.104,3.146,5.31,2.648,4.27,2.352,4.363,5.276,5.107,3.121,6.544,1.27,3.087,3.003,3.315,7,5.428,4.507,5.099,6.02,5.217,3.797,6.273,5.699,4.913,2.504,5.192,5.141,4.059,1.854,4.769,1.887,4.482,5.149,5.961,2.2,3.806,1.177,3.721,1.11,4.406,2.69,4.541,5.335,5.859,3.155,6.062,1.837,3.349,4.566,4.845,4.482,4,1.862,2.2,2.699,5.132,4.507,6.003,3.408,3.704,1.904,2.149,https://www.youtube.com/watch?v=nmcdLOjGVzw&ab_channel=MIKAVEVO,6.662,6.518,4.465,https://www.youtube.com/watch?v=BEMaH9Sm3lQ&ab_channel=HYBELABELS,2.876,6.121,5.749,https://www.youtube.com/watch?v=Os_6c5j6YiQ&ab_channel=HYBELABELS,6.299,5.606,4.287,https://www.youtube.com/watch?v=CuklIb9d3fI,6.67,6.958,5.53,https://www.youtube.com/watch?v=0CGVgAYJyjk&ab_channel=MIKAVEVO,6.645,6.746,4.862,https://www.youtube.com/watch?v=egG7fiE89IU&ab_channel=MyChemicalRomance,6.89,5.259,5.631,https://www.youtube.com/watch?v=2lSyHZLzNYA&ab_channel=ConanGrayVEVO,4.972,5.318,6.248
2022-05-27 13:52:14,2022-05-27 13:57:27,IP Address,185.69.144.197,15,313,False,2022-05-27 14:43:53,R_r3b8fFojljTEMtH,,,,,,,anonymous,EN-GB,5958c00488e7850001f84d16,"I consent, continue to experiment",52,Female,4.85,2.95,4.07,4.99,4.85,4.07,3.52,3.6,4.07,5.19,3.05,4.07,3.56,5.31,4.9,5.83,3.37,3.54,5.39,4.07,5.51,4.8,5.03,,,,,,,,,,,,,,,,,,,,,,,,,,,,,,,,,3.603,5.513,4.82,5.377,5.563,4.059,4.059,3.637,,,,,,,,,,,,,,,,,,,,,,,,,,,,,,,,,,,,,,,,,,,,,,,,,,,,,,,,,2.682,2.961,3.4,4.059,,,,,5.217,3.738,3.527,4.059,,,,,,,,,,,,,,,,,,,,,,,,,,,,,,,,
2022-05-27 13:51:16,2022-05-27 14:08:59,IP Address,86.149.163.36,99,1063,False,2022-05-27 14:43:55,R_3lFVluXMltfvk65,,,,,,,anonymous,EN-GB,5efcb513fe36e909073b1a43,"I consent, continue to experiment",56,Male,5.03,7,7,4.07,2.99,2.94,4.3,2.95,2.17,7,3.06,1.68,1.89,6.53,1.01,3.04,1.74,4.53,1.39,1.02,6.98,3.17,5.29,2.977,5.056,4.059,2.031,5.065,7,4.059,1.997,1.008,1.008,1.101,1.025,7,7,4.059,1.93,7,1.008,7,2.977,7,1.008,5.115,5.056,1.008,7,1.938,2.141,1,7,1.025,1.997,7,1.98,1.059,2.589,2.977,1.017,1.008,1.008,7,1.955,1.921,1.008,7,4.059,2.944,1.389,2.927,5.014,4.938,2.065,7,1.008,1.008,1.008,7,1.008,7,1.008,1.008,1.989,1.017,1.008,7,6.992,7,5.048,7,7,1.008,2.977,7,7,7,2.994,6.992,7,4.059,4.059,3.003,6.983,4.997,2.986,7,1.008,7,1.025,1.803,1.98,2.039,1.228,7,7,4.414,3.163,2.977,2.969,4.059,2.056,7,7,6.011,2.944,7,7,4.972,2.834,7,4.059,4.068,2.006,led zeppelin .....whole lotta love,7,6.992,7,pink floyd.... wish you were here,4.059,7,7,Pantera......walk,7,7,7,corey taylor....snuff,1.938,1.008,7,machinehead....halo,7,7,7,machinehead .... burning red,1.946,1.98,6.992,soundgarden....spoonman,7,7,7
2022-05-27 13:50:49,2022-05-27 13:58:33,IP Address,90.218.122.87,99,464,False,2022-05-27 14:43:56,R_1f7KQZ4fKWBCKSE,,,,,,,anonymous,EN-GB,5c3d48955fd1050001a99364,"I consent, continue to experiment",31,Female,5.6,5.79,4.43,1.21,7,1.2,1.13,1.27,1,1.09,1.17,1.08,1.1,1.06,1,7,3.6,1,1,1.12,7,1.25,7,3.509,4.816,4.722,7,1,1,1,1.023,1.144,1.203,1,1,4.541,4.52,4.436,1,7,6.03,5.618,4.738,4.955,4.774,4.78,4.195,1.007,1.032,1,1.044,1,1,1.035,1,3.852,4.396,4.176,3.453,4.37,4.328,4.423,1,1.103,1.2,1.118,1,1.021,1,1,1.121,1,1,1,1.041,1.033,2.018,1,1,7,6.757,7,6.662,1.172,1,1.059,1,4.962,4.961,5.043,4.127,7,7,7,5.538,4.836,4.256,4.387,3.102,4.593,4.548,4.611,1,4.443,4.551,4.449,4.538,1,1.126,1.054,1.015,1.02,1.031,1.09,1,4.311,4.294,4.4,3.195,4.697,4.791,4.918,7,4.877,4.747,4.613,4.819,4.554,4.451,4.438,4.377,3.885,4.285,4.332,4.257,https://m.youtube.com/watch?v=Jal-vzO8bVE,7,7,7,https://m.youtube.com/watch?v=h2qogiJcYSA,7,7,7,https://m.youtube.com/watch?v=Jal-vzO8bVE,7,7,7,https://m.youtube.com/watch?v=50kP4S0peAs,7,7,7,https://m.youtube.com/watch?v=Jal-vzO8bV,7,7,7,https://m.youtube.com/watch?v=Jal-vzO8bVE,7,7,7,https://m.youtube.com/watch?v=Jal-vzO8bVE,7,7,7
2022-05-27 13:50:23,2022-05-27 14:08:45,IP Address,109.175.227.163,99,1102,False,2022-05-27 14:43:57,R_3ef6CzkTobDr7qf,,,,,,,anonymous,EN-GB,5eec9e1b4d261e029dc822c1,"I consent, continue to experiment",19,Female,,,6.12,4.79,2.21,,4.2,,6.32,3.16,,6.44,3.27,2.85,,5.34,2.16,5.3,5.86,5.66,5.07,6.14,6.46,2.8,4.777,5.546,6.282,5.166,5.623,5.361,7,2.614,2.944,2.859,5.639,5.766,5.707,5.969,6.299,6.096,2.141,5.504,4.879,5.082,1.887,4.456,2.614,5.631,6.028,3.299,5.808,2.699,6.079,5.825,6.062,4.566,5.589,5.775,6.434,6.07,5.437,5.039,5.876,3.358,5.377,6.045,7,5.538,5.225,5.048,6.4,4.761,3.654,3.966,5.631,5.259,3.966,3.29,6.096,4.913,3.899,5.073,5.031,2.842,5.251,3.087,4,5.251,3.223,3.899,3.493,5.149,3.087,4.904,5.217,3.67,4.566,3.29,5.994,6.138,5.825,5.268,6.197,3.51,2.885,5.149,2.775,5.732,6.163,6.121,7,3.265,5.876,5.192,5.977,5.327,5.504,5.166,5.825,3.113,4.668,4.685,5.623,3.062,2.851,4,1.921,4.913,3.383,2.513,2.301,3.417,4.98,3.704,5.783,https://www.youtube.com/watch?v=FQbHFxeDt14,5.428,5.825,5.952,https://www.youtube.com/watch?v=DJypSf6d3v4,2.42,3.603,6.13,https://www.youtube.com/watch?v=P56Uvh28kxY,2.724,4.887,6.155,https://www.youtube.com/watch?v=kWKs9ZAn4Pc,5.107,5.631,6.383,https://www.youtube.com/watch?v=hjPLkPsLxc4,5.808,6.02,6.358,https://www.youtube.com/watch?v=t7LMLhBGbwc,5.411,5.411,5.783,https://www.youtube.com/watch?v=Y-PtEeRTfDk,5.42,6.13,6.459
2022-05-27 13:48:05,2022-05-27 14:03:50,IP Address,109.175.247.40,99,944,False,2022-05-27 14:43:58,R_cNOzCEei2PD9Dvr,,,,,,,anonymous,EN-GB,60a3ef6424cc2418a5ee1132,"I consent, continue to experiment",25,Female,5.12,,6.13,5.34,3.08,6.05,1,7,4.96,1,,7,4.68,4.85,1.79,5.79,1.56,4.43,5.94,1,1,7,4.99,2.377,3.366,5.09,2.656,5.082,6.062,2.952,6.003,2.141,2.437,1.93,2.648,5.285,5.023,6.011,6.924,6.146,1.406,5.335,1.008,6.172,5.682,5.065,4.862,2.403,4.482,2.285,3.611,1.769,1.456,2.961,2.893,2.504,5.935,5.158,6.163,5.115,2.614,5.158,4.794,1,2.048,2.944,3.003,1.845,5.099,5.107,5.132,5.166,6.104,4.913,7,5.623,5.521,5.394,7,5.225,2.039,4.93,1.008,2.361,4.735,2.758,4.879,6.189,5.352,5.589,4.946,4.532,2.437,3.087,1.008,5.031,2.048,6.037,3.07,6.172,5.394,5.504,6.18,2.208,2.876,1.321,2.175,5.242,4.93,4.98,7,1,2.935,1.228,3.577,5.183,3.045,3.011,3.383,2.2,2.546,2.242,2.893,5.132,6.011,2.851,4.093,2.563,2.183,2.487,1.921,5.107,5.073,5.014,6.011,https://www.youtube.com/watch?v=mBhVvCcjgL4,5.056,6.079,6.223,https://www.youtube.com/watch?v=L16vTRw9mDQ&ab_channel=JustinHurwitz-Topic,5.107,6.18,6.045,https://www.youtube.com/watch?v=8KNlanLKXWI&list=PL1oSHL2SXoD1ZKcaC-_-ylWfjglvJPd4G&ab_channel=MansurBrownOfficial,3.206,4.541,3.67,https://www.youtube.com/watch?v=axUh_2fTLe4&ab_channel=AdeleVEVO,2.927,3.239,5.276,https://www.youtube.com/watch?v=UTHLKHL_whs&ab_channel=LilNasXVEVO,5.969,6.104,7,https://www.youtube.com/watch?v=5FwY5uHswwM&ab_channel=NTS,2.749,3.746,3.392,https://www.youtube.com/watch?v=M1N_wbhAfQ4&ab_channel=TomMisch,5.927,7,5.969
2022-05-27 13:58:17,2022-05-27 14:26:09,IP Address,185.193.170.67,99,1671,False,2022-05-27 15:50:56,R_72pOdd92wuFKVy1,,,,,,,anonymous,EN-GB,6135fe6b5422515fe7d11e2f,"I consent, continue to experiment",27,Male,6.03,3.02,4.07,4.07,6.02,3.04,6.99,4.07,4.09,6.1,4.07,4.07,4.07,4.07,1.92,5.21,5.23,4.01,4.07,4.07,7,4.07,4.95,3.992,2.403,5.53,4.989,3.011,3.949,1.744,2.69,4.017,4.059,1,4.051,4.997,4.008,2.944,5.065,4.549,4.896,2.969,5.183,5.09,3.975,1.887,3.003,4.008,3.51,2.969,5.023,3.485,2.403,5.208,5.47,3.983,4.034,1,2.006,4.524,4,1.465,2.927,3.992,2.944,4.541,5.048,2.893,4.017,2.479,3.518,3.958,2.961,2.994,4.025,3.459,2.944,4.465,4.025,5.065,2.927,5.42,4.6,3.941,2.437,5.572,5.039,6.07,5.555,5.715,5.699,5.555,3.992,5.234,6.13,5.023,3.975,2.935,5.115,5.986,4.059,2.977,5.53,2.961,3.949,2.952,2.935,2.977,2.927,4.575,2.986,2.944,2.961,4.98,2.023,4.549,4.017,2.513,4.532,4.059,2.901,4.059,3.975,4.051,4.059,1.938,1.93,3.493,3.941,1.98,2.048,3.992,2.986,6.206,6.096,https://www.youtube.com/watch?v=7iZfgODbOTA,5.014,6.603,4,https://www.youtube.com/watch?v=PZbU3iw-NOg,4.008,6.087,4.008,https://www.youtube.com/watch?v=qeMFqkcPYcg,5.014,5.023,5.048,https://www.youtube.com/watch?v=EhGEGIBGLu8,6.045,1.997,7,https://www.youtube.com/watch?v=IC6uXVGVnq0,6.087,3.966,5.073,https://www.youtube.com/watch?v=cCEwUFtjAr4,2.961,2.977,7,https://www.youtube.com/watch?v=bpZvg_FjL3Q,5.039,2.42,6.087
2022-05-27 13:53:29,2022-05-27 14:30:46,IP Address,5.198.119.171,99,2237,False,2022-05-27 15:50:59,R_5tZbSaq4diR8N6V,,,,,,,anonymous,EN-GB,58693d5b1ed9d10001050196,"I consent, continue to experiment",55,Male,7,5.16,6.01,6.07,5.16,6.1,5.22,7,5.17,5.87,5.02,6.09,5.06,6.14,5.01,6.15,5.06,5.12,6,5.16,7,6.49,5.98,4.008,5.056,3.983,5.082,6.028,6.062,5.115,6.197,4.068,4.989,5.099,5.09,6.104,5.099,5.107,6.07,7,5.183,5.115,5.039,7,4.025,4.008,2.952,5.056,5.158,5.09,6.028,5.056,6.113,5.023,6.07,4.042,5.09,4.989,5.014,6.138,4.068,4.042,3.079,4.101,5.099,5.023,5.006,5.944,5.082,5.192,6.037,4.059,4.085,3.983,3.983,6.113,5.099,5.107,6.028,6.975,4.955,4.972,5.124,6.003,5.935,5.056,6.121,7,4.076,4.017,3.045,7,5.065,5.039,5.048,6.079,6.037,5.158,6.113,6.096,5.073,5.124,5.107,5.031,5.149,4.997,5.056,5.082,5.158,5.099,6.096,5.082,5.132,4.085,5.082,6.949,5.977,5.141,6.087,5.115,5.099,4.068,5.099,6.003,3.966,2.868,2.014,5.115,5.082,4.008,5.039,5.056,5.056,4.059,5.107,Simple Minds - New Gold Dream (81/82/83/84): https://www.youtube.com/watch?v=N85mtGZ9JkY,7,7,7,Air - La Femme d'Argent: https://www.youtube.com/watch?v=U4U19zwFENs,5.039,7,6.189,Can - Halleluwah: https://www.youtube.com/watch?v=2dZbAFmnRVA,5.124,6.02,6.307,Mozart - Requiem: https://www.youtube.com/watch?v=FjiMQbLheLE,5.944,5.217,6.003,My Bloody Valentine - Only Shallow: https://www.youtube.com/watch?v=FyYMzEplnfU,7,7,7,Yes - The Gates of Delirium: https://www.youtube.com/watch?v=sOz5w8Lb1m4,7,7,6.104,N.W.A. - Straight Outta Compton: https://www.youtube.com/watch?v=TMZi25Pq3T8,7,5.107,6.138
2022-05-27 13:34:22,2022-05-27 13:35:00,IP Address,81.135.7.201,2,38,False,2022-05-27 15:51:28,R_3hthxOHMsiDDZpc,,,,,,,anonymous,EN-GB,,"I consent, continue to experiment",,,,,,,,,,,,,,,,,,,,,,,,,,,,,,,,,,,,,,,,,,,,,,,,,,,,,,,,,,,,,,,,,,,,,,,,,,,,,,,,,,,,,,,,,,,,,,,,,,,,,,,,,,,,,,,,,,,,,,,,,,,,,,,,,,,,,,,,,,,,,,,,,,,,,,,,,,,,,,,,,,,,,
2022-05-31 14:16:08,2022-05-31 14:30:46,IP Address,92.18.28.41,100,878,True,2022-05-31 14:30:47,R_3gLV2XuEumLEdge,,,,,52.3569,0.2706,anonymous,EN-GB,60dee81a675c2b4280e62726,"I consent, continue to experiment",22,Trans female,7,3.99,4.98,3.28,5.1,7,5.01,7,3.41,7,4.91,7,4.07,4.07,3.31,6.06,7,4.79,4.04,1,5.93,7,7,4.059,2.885,5.149,2.994,7,7,5.023,5.208,1.938,5.107,5.259,3.4,7,5.056,3.992,1.921,7,5.521,5.513,5.115,7,7,5.377,3.501,2.986,5.623,5.673,5.225,2.851,4.042,4.27,2.8,7,7,7,7,7,3.062,4.059,1,3.358,5.073,5.014,4.059,4.854,7,6.358,7,5.099,7,7,7,7,7,7,7,7,7,7,7,2.563,5.208,4.752,2.521,7,7,7,7,7,4.017,4.059,5.242,7,4.592,5.006,4.068,7,4.059,3.907,1,3.087,5.048,5.699,5.073,5.039,7,5.487,7,2.994,5.589,5.665,5.563,7,5.09,4.059,3.011,3.079,2.876,3.037,2.623,7,5.082,5.031,5.132,3.003,5.006,4,3.037,7,4.997,4.059,2.944,https://www.youtube.com/watch?v=5_yzmgakgpA,7,7,7,https://www.youtube.com/watch?v=5qap5aO4i9A,5.056,5.048,5.225,https://www.youtube.com/watch?v=as_sN0D2nYA,7,1,7,https://www.youtube.com/watch?v=E5g3O6WKp98,7,7,7,https://www.youtube.com/watch?v=OwJPPaEyqhI,7,7,7,https://www.youtube.com/watch?v=AW17lc9wMd4,2.986,2.901,7,https://www.youtube.com/watch?v=8dJyRm2jJ-U,7,7,7
2022-05-31 14:16:04,2022-05-31 14:31:43,IP Address,86.178.145.162,100,939,True,2022-05-31 14:31:44,R_2VeIj19E8bbs9wB,,,,,53.2035,-3.0373,anonymous,EN-GB,5ec9890b071cb10cf5438153,"I consent, continue to experiment",38,Female,4.95,4.07,5.04,5.09,5.11,6,4.97,5,4.99,1.01,4.07,1.86,4.07,5.1,1.94,6.21,4.07,4.07,2.85,1.27,5.91,5.12,5.99,2.893,3.028,1.997,1.456,5.023,4.575,2.715,4.017,4.414,4.583,3.375,3.425,4.879,4.059,3.67,4.287,5.851,5.386,4.059,4.854,5.606,4.963,3.273,3.603,4.186,4.313,2.927,4.38,1.735,4.989,1.879,4.237,3.028,4.397,1.769,1.304,4.769,2.732,2.961,1.507,4.211,3.425,5.056,4.059,4.718,4.617,1.828,4.059,3.003,4.33,1.372,2.175,4.786,4.549,1.363,1.93,6.104,5.462,3.358,4.059,3.197,4.059,1.575,4.059,5.851,5.166,2.885,4.49,5.386,5.056,4.473,4.997,4.532,4.989,1.82,3.485,5.09,4.761,2.868,4.887,4.482,5.631,4.955,6.239,4.287,4.414,1.372,2.927,2.656,4.194,1.71,4.33,4.617,4.515,2.039,4.414,1.938,2.868,3.417,1.862,5.352,1.296,6.307,1.008,2.927,5.8,5.834,6.493,4.059,4.059,1.744,4.473,https://www.youtube.com/watch?v=qxZInIyOBXk,6.121,5.901,4.963,https://www.youtube.com/watch?v=lRm_r7_Cp6U,4.701,2.893,5.006,https://www.youtube.com/watch?v=vGZhMIXH62M,3.628,5.741,4.059,https://www.youtube.com/watch?v=osdoLjUNFnA,5.099,3.011,5.538,https://www.youtube.com/watch?v=SBjQ9tuuTJQ,5.868,5.403,4.837,https://www.youtube.com/watch?v=1VQ_3sBZEm0,5.09,4.997,4.676,https://www.youtube.com/watch?v=RkfvelOJvhI,6.307,6.172,6.146
2022-05-31 14:17:01,2022-05-31 14:32:49,IP Address,51.241.144.220,100,947,True,2022-05-31 14:32:49,R_82hW70hbgxU7uKZ,,,,,53.7035,-1.4796,anonymous,EN-GB,5acc6abbfa3b4e000173c8b5,"I consent, continue to experiment",50,Female,3.09,1.05,1.63,4.07,1.8,2.95,1.01,4.07,1.02,5.12,3.02,1.89,4.07,4.79,1.08,6.96,4.92,4.07,4.07,1.01,6,5.74,5.87,2.986,4.059,3.011,4.059,1.93,2.149,1.98,1.921,1.997,4.059,3.02,4.127,5.048,4.059,2.977,3.003,5.099,2.977,1.879,2.014,5.834,2.986,1.93,2.158,2.006,3.29,2.259,3.341,2.344,3.096,2.521,4.059,3.003,3.096,1.727,2.276,5.082,4.059,1.777,2.91,2.699,3.527,3.307,4.059,2.445,1.93,1.177,1.651,1.87,1.963,2.056,2.099,2.048,1.008,1.008,1.008,4.059,2.994,2.293,1.896,1.972,2.952,2.192,3.003,5.056,4.059,1.921,2.893,5.099,5.082,3.028,3.003,4.059,2.969,1,1.955,5.175,4.059,3.315,3.239,2.192,2.259,2.09,2.217,1.921,1.034,1.786,1.008,2.437,2.901,2.648,2.944,5.082,4.059,2.977,3.045,2.47,2.808,2.69,3.704,4.059,4.059,2.259,2.555,4.059,4.059,3.113,4.059,4.059,4.059,3.096,5.099,Shut of the Lights - Bastille,6.087,7,5.082,Listen to the Man - George Ezra,4.059,6.163,5.039,Flesh and bone - Killers,5.183,6.037,4.118,Adele - Water Under the Bridge,2.994,4.059,5.115,Thelma and Louise - Bastille,6.146,7,6.054,Scenes from an Italian Restaurant - Billy Joel,2.994,6.104,5.073,Shotgun - George Ezra,4.938,6.231,4.093
2022-05-31 14:16:10,2022-05-31 14:36:47,IP Address,82.11.4.67,100,1236,True,2022-05-31 14:36:47,R_1ibvp08ZOg4ENz2,,,,,50.7241,-1.7891,anonymous,EN-GB,5b1f92bdc9d3cb0001107e75,"I consent, continue to experiment",28,Male,3.98,4.08,4.08,1.99,4.07,2.94,1.93,4.03,3.08,2.2,2.26,4.92,4.08,4.07,1,4.07,3.29,7,5.94,1,6.11,4.07,4.07,4.051,2.952,4.059,1.938,2.969,4.059,4.059,4.059,2.242,1.744,5.031,2.014,6.189,5.994,5.977,7,6.087,4.997,5.225,5.335,5.082,4.051,4.059,2.961,1.938,1.93,5.115,1.27,2.741,3.932,4.059,2.961,2.377,5.023,4.059,4.059,4.059,3.011,4.059,1.93,1.93,3.003,4.989,1.98,1.896,3.975,2.868,4.059,2.318,5.056,2.969,4.051,3.003,2.893,3.02,4.059,4.059,4.059,4.059,4.051,2.039,4.718,3.746,4.093,6.214,5.006,4.059,4.059,5.276,3.814,4.051,2.851,6.696,7,6.037,7,7,7,6.146,7,2.969,5.014,4,4,2.876,4.059,4.059,4.059,2.792,4.38,4.152,4.059,6.087,7,6.079,7,4.98,3.949,3.087,2.403,6.011,4.963,2.969,4.059,2.918,3.983,2.952,4.025,4.059,4.963,5.006,5.031,https://www.youtube.com/watch?v=sFfbh98oP-Y,4.93,7,7,https://www.youtube.com/watch?v=eY2ugWgEQVQ,7,7,7,https://www.youtube.com/watch?v=UnyLfqpyi94,7,7,7,https://www.youtube.com/watch?v=GJKKCzFMUqA,5.623,7,7,https://www.youtube.com/watch?v=UW2QoShtHgE,7,7,7,https://www.youtube.com/watch?v=eY2ugWgEQVQ,7,7,7,https://www.youtube.com/watch?v=XUYVxtW-77g,7,7,7
2022-05-31 14:17:12,2022-05-31 14:36:50,IP Address,90.202.28.189,100,1177,True,2022-05-31 14:36:50,R_1NaAEYI8y2D34Y7,,,,,50.1983,-5.3028,anonymous,EN-GB,613f281838c09ff9a7681052,"I consent, continue to experiment",41,Female,5.06,4.01,5.12,3,6.03,3.09,4.97,5.05,4.01,6,4.01,3,4.02,6.98,4.01,7,5.12,5.14,5.16,2.33,7,6.03,6.07,2.981,6.043,7,6.957,2.981,2.963,1,2.05,1.994,1.981,1,1.006,7,4,4,4,7,1.994,1.994,2.043,7,5.994,5.025,6.025,1,4,4.025,1.969,1,6.068,2.963,6.062,4,3.006,1.876,2.913,4,1,1,1,1.932,1,1,1,1.006,4.056,1.95,1.994,5.031,5.068,3.012,5.025,5.025,5.081,2.95,4,7,1,1,2.994,1.932,4,5.025,4,7,7,7,7,7,7,6.031,7,7,6.081,5.037,7,6.006,7,6.025,7,4,6.043,6.087,7,1.95,2.988,2.006,1.938,4,6,5.031,7,7,7,6.062,7,4,6.068,5.068,6.075,7,7,6.149,7,3.963,6.056,5.025,7,2.932,1.963,1,1.963,Bon Jovi - Living on a Prayer,6.981,7,7,Neil Diamond - I am I Said,2.963,6.988,7,DMX - X Gon’ Give It To Ya,7,7,6.043,Guns n Roses - November Rain,5.025,7,6.981,Hillary Duff - Wake Up,7,7,7,Maren Morris - My Church,3.994,7,7,Asteroid Galaxy Tour - the Golden Age,7,7,7
2022-05-31 14:16:18,2022-05-31 14:38:32,IP Address,94.12.65.211,100,1334,True,2022-05-31 14:38:32,R_10HFf6SM2aGttRT,,,,,53.7037,-1.639,anonymous,EN-GB,5dc82434470f625ad88430d3,"I consent, continue to experiment",31,Female,5.11,1,1,2.04,2.04,5.15,1,1,1,1,1.74,1,1,3.23,1,7,1,3.17,1,1,4.9,5.83,4.71,3.468,3.045,2.082,1,3.13,2.944,2.09,1.938,5.09,5.006,6.02,5.149,7,6.958,7,7,6.138,3.028,5.293,1,6.087,5.048,5.741,1.913,2.073,6.113,6.163,5.859,2.994,5.056,4.676,5.183,4.963,5.758,5.563,6.121,7,4.076,5.885,5.115,4.837,4.93,2.927,5.259,2.994,4.161,3.518,1,3.146,2.969,5.031,2.006,3.087,4.989,3.189,1.938,5.031,1.972,4.152,1,3.045,3.045,5.994,5.91,7,6.096,5.335,2.994,4.085,1,1,1,5.073,4.008,4.068,1,7,6.062,7,7,3.087,1.896,2.107,1,2.09,2.09,2.039,1,3.054,3.037,4.304,6.13,7,6.079,6.011,6.045,3.087,1.963,2.994,1,6.146,4.989,5.065,1.93,1.98,3.104,2.073,1,7,6.172,6.13,3.003,https://youtu.be/YhfqLTT8mpo,7,7,7,https://youtu.be/iWOyfLBYtuU,5.082,6.146,4.085,https://youtu.be/c1zN-sEUc68,7,5.099,7,https://youtu.be/uxfAIVfmRa8,6.096,3.011,7,https://youtu.be/Pgum6OT_VH8,7,6.011,7,https://youtu.be/V_hgYnwZR8I,7,5.09,7,https://youtu.be/t5XNWFw5HVw,6.214,7,7
2022-05-31 14:16:28,2022-05-31 14:39:04,IP Address,80.43.198.18,100,1355,True,2022-05-31 14:39:04,R_3oNH2dWwjq3rzzE,,,,,51.5955,0.6743,anonymous,EN-GB,5c2004c3da51990001e165b2,"I consent, continue to experiment",41,Male,6.11,1,1,2.12,1,1,1,1,,3.1,1,1,1,1,1,1,3.25,1,1,1,4.99,1,1,4.051,4.059,1.997,2.048,4.059,4.059,3.839,2.927,4.059,4.068,4.059,4.059,4.008,4.025,4.059,1.989,4.059,4.008,2.918,4.059,4.025,2.065,2.961,3.054,4.059,4.059,4.059,3.89,3.966,4.059,3.915,4.059,4,2.901,1.98,3.341,4.059,1.921,1.972,2.082,3.949,2.952,3.028,3.476,4.059,4.059,2.09,3.949,3.992,2.893,2.048,2.377,4.008,2.293,2.124,3.848,4.008,4.008,4.448,4.727,3.341,4.059,1.93,4.059,3.992,4.059,3.924,3.062,3.983,4.059,4.059,4.448,3.949,3.992,2.073,3.603,3.966,1.963,2.056,1.997,3.992,2.124,2.437,1.913,4.059,4.059,4.059,3.248,4.059,4.059,4.059,4.059,3.966,4.059,3.011,3.848,4.059,1.879,2.048,2.056,4.017,4.008,2.994,2.006,3.958,2.014,1.896,2.276,4,3.983,2.935,1.896,https://www.youtube.com/watch?v=ENLw_1TK6Ms,4.38,5.048,5.073,https://www.youtube.com/watch?v=KAeIg0lpBxg,4.059,4.059,5.166,https://www.youtube.com/watch?v=x4LuSC2Ih6M,3.975,4.059,5.217,https://www.youtube.com/watch?v=iWIADZKU9dw,4.059,4.008,4.913,https://www.youtube.com/watch?v=C2gTNAWQkEc,4.059,4.997,4.592,https://www.youtube.com/watch?v=yw-6f6WprRU,4.059,4.972,5.048,https://www.youtube.com/watch?v=OU2FuWCvD8A,4.059,4.439,4.701
2022-05-31 14:27:12,2022-05-31 14:44:55,IP Address,82.8.206.82,100,1063,True,2022-05-31 14:44:56,R_2DTWkmb0XKFDLJA,,,,,53.4003,-2.2154,anonymous,EN-GB,60953e706e4315704b74eb1f,"I consent, continue to experiment",29,Female,2,4.07,4.52,2.95,3.59,4.48,5.13,4.2,4.17,1.08,1.93,3.93,3.16,5.15,1.01,7,2.36,5.68,4.38,1.01,4.41,5.73,6.5,2.056,2.927,4.887,3.011,3.73,5.132,2.208,3.366,3.096,2.065,4.93,3.011,6.451,5.521,4.854,6.155,7,5.082,3.577,6.163,7,4.059,3.586,5.141,3.307,3.679,2.479,2.158,1.752,5.758,4.532,5.192,2.149,4.921,3.282,2.031,6.146,5.445,4.617,5.335,2.589,3.899,4.177,2.031,3.02,4.507,3.18,1.938,5.149,3.062,2.251,1.423,1.98,4.811,3.307,2.039,7,4.735,5.242,5.614,2.082,2.048,5.039,4.059,7,7,6.307,6.265,7,6.07,5.834,6.29,5.724,4.837,3.375,4.972,7,5.31,4.532,6.13,3.011,5.141,5.437,6.341,2.192,4.777,3.349,2.048,3.096,6.138,3.586,6.18,4.718,4.693,3.307,4.059,2.445,2.876,5.014,2.944,6.13,6.096,5.056,6.172,2.031,5.065,3.476,5.986,4.735,4.946,5.487,6.206,https://www.youtube.com/watch?v=1at7kKzBYxI,6.121,6.696,4.439,https://www.youtube.com/watch?v=AB1T-68mes0,2.369,5.546,4.735,https://www.youtube.com/watch?v=ykW4rtW2eu0,6.18,7,5.842,https://www.youtube.com/watch?v=CcNo07Xp8aQ,4.651,4.786,4.583,https://www.youtube.com/watch?v=OPf0YbXqDm0,7,7,6.062,https://www.youtube.com/watch?v=ZTCrqXpKHec,4.946,4.558,3.738,https://www.youtube.com/watch?v=orJSJGHjBLI,6.045,6.104,3.645
2022-05-31 14:16:20,2022-05-31 14:46:15,IP Address,86.1.220.114,100,1794,True,2022-05-31 14:46:15,R_aVLbCxckQg3CZDr,,,,,53.7687,-2.4667,anonymous,EN-GB,6294bad868788e1f03d52c6c,"I consent, continue to experiment",25,Male,4.07,4.07,3.21,3.15,5.09,4.07,4.07,4.07,3.07,5.01,4.07,5.09,4.07,4.07,1.95,5.87,4.9,6.03,4.07,2.94,5.06,5.02,4.94,5.056,4.059,3.07,4.059,3.29,3.654,1,2.969,3.02,2.656,1.98,1.87,4.473,4.27,3.637,4.389,4.059,4.059,1.972,2.901,5.208,4.972,3.003,5.031,2.437,2.775,2.952,2.513,2.977,3.459,2.952,3.003,3.569,3.924,1,3.425,4.744,5.065,4.27,5.42,4.059,4.059,1.972,2.977,2.462,1.963,1.82,1.659,2.969,3.704,2.893,2.961,2.901,2.504,1,2.673,5.082,4.059,4.076,5.099,2.944,3.704,2.868,2.961,4.194,4.786,4.059,4.98,4.321,4.515,2.994,4.363,4.262,4.313,3.493,4.727,5.031,5.082,4.059,5.065,4.059,4.296,4.059,4.583,2.952,2.555,1.913,2.039,3.358,4.059,1.008,2.952,3.349,4.177,3.054,4.499,3.628,4.059,4.059,3.62,4.287,4.321,2.901,4.651,4.372,4.549,4.33,4.701,4.355,4.482,4.059,4.761,https://www.youtube.com/watch?v=AEmtYwnBuAM,5.538,6.239,6.493,https://www.youtube.com/watch?v=Gj21jwSEhEE,5.327,5.513,6.096,https://www.youtube.com/watch?v=DmNfT-B7nlA,5.082,5.361,5.606,https://www.youtube.com/watch?v=pvI9PuGorwI,5.411,5.42,6.476,https://www.youtube.com/watch?v=UI__tLmwh2g,5.563,5.437,7,https://www.youtube.com/watch?v=xo1VInw-SKc,5.377,5.285,6.231,https://www.youtube.com/watch?v=lqURPBtGJzg,5.487,6.239,6.256
2022-05-31 14:16:28,2022-05-31 14:49:21,IP Address,51.241.254.39,100,1972,True,2022-05-31 14:49:21,R_3CIMsOqfXHtXHDN,,,,,53.4022,-1.3452,anonymous,EN-GB,62162ab683fc823e78c025e5,"I consent, continue to experiment",67,Female,2.94,2.97,6.11,5.01,7,1,1.83,5.01,1,1,1,5.02,1.74,7,1,4.98,4.96,1.63,1.62,1,7,7,2.5,3.011,3.02,6.18,1.98,6.992,7,7,7,1.828,1,6.13,1.955,6.992,1.896,6.113,1.008,7,1,6.104,1,7,4.651,5.656,1.946,1.98,2.056,6.07,1.955,4.558,5.428,4.49,4.566,5.039,5.099,5.073,5.048,7,1.98,6.079,1.008,1.98,1.972,6.121,4.017,5.023,7,6.983,7,2.935,1.887,6.113,1,3.028,6.104,6.045,7,7,3.527,5.023,2.986,3.011,1.008,6.096,1.98,7,7,7,6.155,7,6.045,6.113,6.096,5.048,2.006,6.146,1.008,7,1.008,7,1,5.048,5.039,7,6.121,6.104,7,6.983,7,3.003,6.07,6.121,7,6.155,1.008,6.079,1.008,3.611,2.513,5.141,3.417,7,6.104,5.039,5.023,6.163,6.096,6.07,6.113,5.023,2.014,5.056,1.963,The Small Faces - Lazy Sunday Afternoon,6.104,7,7,Gerry Rafferty - Moonlight & Gold,1.93,5.048,7,Tears For Fears - Everybody Wants to Rule The World,6.104,6.037,6.045,INXS - Never Tear Us Apart,2.986,5.039,6.983,George Ezra - Paradise,7,7,7,Bruce Springsteen - Dancing In The Dark,7,7,7,Marvin Gaye - I Heard It Through The Grapevine,5.023,5.065,6.13
2022-05-31 14:16:28,2022-05-31 14:50:31,IP Address,91.110.18.215,100,2042,True,2022-05-31 14:50:31,R_5BWv7w8WbQ3BsMF,,,,,52.6494,-1.1203,anonymous,EN-GB,5f2458749912ad00087e5677,"I consent, continue to experiment",61,Female,4.96,4.07,6.05,6.05,4.79,6.05,6.06,5.99,5.96,7,4.07,4.07,4.07,4.07,4.71,6.14,5.4,4.67,4.79,4.07,7,4.07,5.95,2.994,2.969,2.994,4.515,5.065,5.099,4.059,5.048,2.124,2.969,4.059,5.589,4.059,2.758,3.028,3.18,6.831,5.682,5.479,6.383,5.969,4.575,4.059,4.059,1.963,4.059,3.02,5.09,3.155,4.059,5.031,6.087,4.059,5.023,5.031,5.039,4.059,4.059,2.969,4.059,2.234,3.468,5.014,5.851,4.575,4.6,4.059,5.048,3.011,4.059,3.003,5.082,4.059,5.251,5.065,5.623,6.408,6.163,5.707,7,2.31,4.059,3.096,5.504,7,5.961,5.546,6.586,6.113,6.087,6.045,7,5.031,4.456,4.685,5.377,6.189,3.611,3.569,4.059,4.6,5.656,5.631,6.586,3.459,4.617,4.625,5.707,3.07,4.997,6.349,6.535,4.059,4.389,3.442,4.059,2.969,3.028,2.977,4.059,7,7,7,7,3.045,4.059,4.777,5.496,4.059,3.628,4.059,4.059,Spock's Beard  Bennett Built a Time Machine,7,7,7,Jon and Vangelis I'll Find My Way Home,5.082,6.823,7,The Carpenters We've only Just Begun,6.527,7,7,Cat Stevens Morning Has Broken,6.628,6.662,7,Van Halen Jump,7,7,7,Yes Topographic Oceans,5.555,6.054,7,Harry Styles Watermelon Sugar,6.096,6.721,5.656
2022-05-31 14:21:52,2022-05-31 14:43:15,IP Address,86.155.194.116,99,1283,False,2022-05-31 15:32:30,R_dmYD6z5FJQSw4fL,,,,,,,anonymous,EN-GB,6107247967dedd82e06c6f27,"I consent, continue to experiment",39,Female,2.66,2.73,5.06,1,5.99,1,7,1,1,4.34,1,4.49,2.95,7,1,6.91,1,3.24,3.15,1,5.98,5.08,7,3.079,5.073,2.859,6.29,4.955,4.946,1.938,4.862,2.023,1.321,3.079,1.33,4.989,1.515,2.276,1.963,7,3.104,1.794,3.037,7,3.037,1.879,1.017,2.023,1.887,1.6,1.228,1.989,3.079,3.045,1.127,3.079,5.132,2.149,2.048,6.138,2.107,1.127,3.13,1.676,1.101,2.082,1.177,4.989,2.961,1.938,1.921,4.98,2.935,2.073,3.037,5.073,4.997,3.011,5.023,5.217,2.285,3.096,5.082,1.372,2.192,4.059,1.11,6.079,2.91,2.099,2.969,5.031,1.811,4.921,4.059,5.115,2.251,1.946,1.685,5.031,1.904,3.054,1.879,2.293,3.02,2.986,5.099,5.208,5.099,3.104,4.997,1.152,1.676,3.163,1.803,5.031,1.913,2.023,1.11,5.014,4.972,2.344,5.986,6.028,5.082,2.927,4.989,2.09,2.969,3.045,5.039,3.003,4.93,2.318,5.572,https://www.youtube.com/watch?v=yUMAmI5YcBQ,5.555,6.096,6.282,https://www.youtube.com/watch?v=d49USeHogUs,3.062,6.037,5.183,https://www.youtube.com/watch?v=NGrLb6W5YOM,3.392,3.104,4.921,https://www.youtube.com/watch?v=neKePFXRhS0,5.259,5.014,6.865,https://www.youtube.com/watch?v=WuqgoTy3y6Q,6.054,6.079,5.065,https://www.youtube.com/watch?v=C11MzbEcHlw,5.048,5.825,5.927,https://www.youtube.com/watch?v=COo6zANrUlg,5.09,5.961,4.786
2022-05-31 14:20:39,2022-05-31 14:44:11,IP Address,151.228.129.249,99,1411,False,2022-05-31 15:32:31,R_ZKoWvHCM8o3dvWN,,,,,,,anonymous,EN-GB,60979bd8bc3e6816ebda7879,"I consent, continue to experiment",41,Male,7,,,,3.2,3.2,3.14,2.73,1.93,1.84,4.41,3.08,3.15,5.76,1.63,3.52,5.61,2.66,1.59,1,5.51,4.19,3.21,1.828,1.676,1.161,1.515,3.358,3.485,1,2.513,3.189,3.434,1.169,1.524,5.665,5.572,3.096,3.645,6.223,5.555,1.769,6.096,6.121,3.231,1.668,2.403,2.175,1.592,1.38,1.668,2.597,4.439,2.166,1.397,2.977,2.808,1.093,1.237,3.011,1.761,1.287,2.166,2.597,2.048,1.237,1.482,2.428,2.065,1.651,1.879,2.546,4.727,1.135,2.665,2.741,1.963,1.659,1.676,5.758,5.437,2.031,5.124,1.963,2.158,2.496,2.783,5.91,4.33,1.051,1.854,6.772,6.594,1.355,6.045,4.879,4.448,2.699,2.673,5.141,4.499,2.251,4.532,2.673,2.927,2.183,2.386,2.825,4.456,1.803,1.803,2.023,2.132,1.532,1.254,4.845,4.634,3.468,4.313,2.217,2.504,1.355,1.313,4.972,5.107,3.096,4.972,5.082,5.099,2.099,1.946,5.318,4.27,1.642,2.673,Roxy Music - Virginia Plain,6.332,7,5.175,Johnny Cash - The Man Comes Around,2.428,5.901,3.577,Maximo Park - Our Velocity,6.163,6.265,3.02,A Girl Like You - Edwyn Collins,5.994,6.772,4.465,Iggy & the Stooges - Search and Destroy,6.696,6.814,4.549,David Bowie - Sound and Vision,5.986,6.603,4.735,The Beatles - Oh Darling!,5.766,6.138,4.794
2022-05-31 14:19:53,2022-05-31 14:40:41,IP Address,51.19.198.213,99,1248,False,2022-05-31 15:32:39,R_1mIbpqJ788bJytz,,,,,,,anonymous,EN-GB,60e5e5b0ceabcb5d6c5f1dd0,"I consent, continue to experiment",35,Male,4,4.07,5.16,5.13,6.25,6.98,4.91,5,2.25,1.01,4.07,4.85,4.07,3.27,1.02,7,4.07,6.02,6.05,2.94,1.03,5.98,6.43,4.06,4.06,2.961,4.06,2.978,4.06,1.947,4.06,1.956,1.956,1.009,1.804,5.006,5.133,1.009,4.06,6.24,1.846,1.009,1.888,5.48,5.049,1.009,4.499,2.953,4.06,1.956,4.06,1.93,6.13,1.888,5.066,2.961,6.139,1.66,6.029,6.046,6.063,1.035,5.066,2.945,4.06,2.953,2.953,4.06,4.06,1.398,5.066,4.499,4.922,1.88,5.04,2.446,3.004,1.964,1.863,5.59,2.395,1.026,2.328,4.449,5.015,2.885,5.006,6.114,6.08,1.871,5.091,5.066,4.06,1.018,1.229,5.04,3.029,1.009,1.998,6.063,5.142,1.93,5.683,5.074,5.099,4.06,4.99,4.06,4.06,2.961,2.978,2.97,5.032,3.012,5.006,5.015,3.004,1.009,1.914,4.06,4.06,2.877,4.06,5.074,5.142,2.987,4.06,4.06,4.06,4.06,5.049,5.057,4.998,1.88,4.06,carly rae jepsen- call me maybe,6.046,6.984,3.105,passenger- let her go,4.584,4.06,6.012,taylor swift- shake it off,5.564,5.522,4.06,Sia- Unstoppable,6.13,6.088,4.618,glass animals- heat waves,7,6.959,4.06,jordin sparks- one step at a time,5.64,6.621,4.99,justin bieber- stay,6.054,6.097,3.376
2022-05-31 14:18:34,2022-05-31 14:44:40,IP Address,86.179.192.223,99,1565,False,2022-05-31 15:32:40,R_1K29sNaDOARVks7,,,,,,,anonymous,EN-GB,613dee63d49b5e8e265b7b3d,"I consent, continue to experiment",36,Female,1.9,3.91,4.98,4.95,4.97,4.33,3.92,3.31,4.78,1.11,3.97,4.78,4.17,5.27,4.24,5.99,1.59,4.38,5.18,2.54,4.26,5.5,5.26,4.346,3.603,5.056,4.98,6.797,6.814,5.039,6.341,2.893,4.634,2.8,4.499,6.527,4.515,3.518,4.744,6.924,1.211,1.304,1.008,6.941,1.237,5.665,1.076,3.375,5.301,4.769,5.023,3.079,5.403,5.225,4.93,3.451,5.242,3.62,4.668,6.544,4.6,3.383,4.558,2.335,4.566,4.685,4.701,6.501,7,6.468,6.138,2.935,3.501,2.2,3.586,6.011,6.087,6.028,5.918,6.299,2.775,1.524,2.217,2.682,4.659,4.338,4.414,7,4.499,2.952,4.549,6.628,4.617,4.854,4.549,6.713,6.417,6.054,5.749,6.645,4.735,5.513,5.766,4.617,6.932,6.383,6.949,5.276,6.02,5.952,6.315,4.549,4.879,4.896,5.048,6.485,5.234,5.158,4.955,4.38,4.397,4.71,4.896,6.966,4.38,5.082,4.549,4.524,7,6.62,6.932,6.687,5.58,5.107,5.09,https://www.youtube.com/watch?v=MkElfR_NPBI,6.611,6.628,6.324,https://www.youtube.com/watch?v=U3ASj1L6_sY,3.299,5.056,6.104,https://www.youtube.com/watch?v=U6GipCeuH6s&list=PL10p0p1NCBGGGj3O9J-tnCvWPlB2ySqHI,6.949,6.814,5.758,https://www.youtube.com/watch?v=qgy7vEje5-w,4.642,4.685,6.594,https://www.youtube.com/watch?v=qN4ooNx77u0,6.493,6.662,6.679,https://www.youtube.com/watch?v=XZWAdf8IsdM,6.915,6.882,6.797,https://www.youtube.com/watch?v=H5v3kku4y6Q,6.501,6.29,5.394
2022-05-31 14:18:30,2022-05-31 14:45:49,IP Address,92.7.38.218,99,1638,False,2022-05-31 15:32:41,R_2xF2IABmhBojI53,,,,,,,anonymous,EN-GB,5d5f1c161d7a3e0001d6a151,"I consent, continue to experiment",50,Female,5.06,4.07,4.43,4.18,4.19,3.86,4.25,4.82,3.39,3.37,4.9,5.17,5,5.28,3.11,6.34,5.01,4.65,4.67,3.63,6.02,6.07,6.51,3.392,4.608,4.659,4.938,4.634,4.651,3.839,3.315,3.552,4.203,4.507,4.059,5.817,4.887,4.389,3.865,6.975,4.152,4.22,3.772,6.637,4.397,4.338,4.38,4.423,3.899,3.67,2.31,2.952,5.073,5.048,5.454,5.031,5.893,5.563,5.42,5.8,4.685,4.6,4.473,4.448,4.414,4.33,3.366,3.983,4.118,3.239,3.214,2.868,5.056,4.608,5.014,1.972,3.654,3.848,2.563,4.777,4.397,4.152,4.203,3.256,4.575,3.789,3.814,6.299,5.589,5.031,5.023,5.411,5.056,5.031,5.048,6.02,4.989,4.059,4.735,6.045,3.865,3.882,3.341,2.859,4.203,4.71,5.445,4.059,4.051,4.127,2.994,4.059,4.059,4.059,3.451,5.377,4.49,4.313,5.361,2.961,5.124,5.039,5.775,6.113,5.073,4.989,4.558,3.206,3.831,4.203,4.668,5.403,5.361,4.963,5.149,https://www.youtube.com/watch?v=aAiVsqfbn5g,6.113,6.493,6.408,https://www.youtube.com/watch?v=2qzcHLyv3N0,4.49,6.459,6.18,https://www.youtube.com/watch?v=orJSJGHjBLI,5.868,4.989,5.589,https://www.youtube.com/watch?v=5rOiW_xY-kc,3.73,4.946,6.721,https://www.youtube.com/watch?v=DPe2diiGJRE,6.67,6.476,6.577,https://www.youtube.com/watch?v=GemKqzILV4w,5.775,6.223,6.307,https://www.youtube.com/watch?v=fU5cJfaX3DI,6.003,5.986,6.282
2022-05-31 14:18:18,2022-05-31 14:33:57,IP Address,90.215.128.154,99,938,False,2022-05-31 15:32:41,R_2D0HfZZTT0DE9JN,,,,,,,anonymous,EN-GB,5827634ea80bf4000199994b,"I consent, continue to experiment",65,Female,1.02,1.38,1.42,7,1.43,1.02,2.54,6.81,6.8,1,6.85,7,5.5,6.19,7,1,1,1.37,5.84,1.01,4.62,7,5.69,7,5.496,1.989,2.969,7,7,7,7,7,6.028,6.079,6.146,7,5.132,3.079,2.986,7,1.997,1.008,1,7,2.58,1,1.017,7,6.096,6.011,6.02,7,7,5.014,7,7,5.048,3.011,7,5.859,4.059,1,1.008,7,7,4.997,6.138,7,7,7,7,7,6.07,6.062,7,7,7,7,7,5.048,1.008,1.008,1.008,7,6.037,4.059,7,7,2.927,1.008,1.008,7,1.668,1.008,1.008,6.992,4.059,3.079,3.045,7,5.115,4.059,5.073,7,5.031,1,2.961,7,7,5.099,7,7,7,7,7,7,5.09,4.068,4.042,7,4.059,1.938,1.98,6.096,1.068,1.008,1,7,4.955,1,3.113,7,1.997,1.017,1.997,https://www.youtube.com/watch?v=uDVdMGNEEXM,7,7,7,https://www.youtube.com/watch?v=372MkBqbFUQ,7,7,7,https://www.youtube.com/watch?v=TJ6Mzvh3XCc,7,5.149,6.054,https://www.youtube.com/watch?v=tkjlYxUf4-M,7,7,7,https://www.youtube.com/watch?v=Yam5uK6e-bQ,7,7,7,https://www.youtube.com/watch?v=6pUEU8bPHvg,7,7,7,https://www.youtube.com/watch?v=7OvsVSWB4TI,7,7,7
2022-05-31 14:17:53,2022-05-31 14:39:31,IP Address,82.4.158.2,99,1297,False,2022-05-31 15:32:42,R_2taNdl1BGyxhRp5,,,,,,,anonymous,EN-GB,5c27c724867f660001ae6785,"I consent, continue to experiment",61,Female,4.07,3.34,5.3,5.77,4.81,3.31,2.96,4.33,4.22,1.64,4.07,4.07,3.58,4.76,3.1,4.5,2.07,1.65,4.76,4.16,4.34,5.38,4.93,4.203,4.363,4.059,4.33,5.361,5.656,4.727,5.994,2.994,5.851,4.777,6.493,6.037,2.952,4.059,2.234,6.552,1.558,6.611,1.177,5.648,4.059,4.879,4.794,2.538,5.504,4.651,6.501,2.403,5.868,4.676,6.577,3.172,5.369,4.997,6.763,5.758,1.904,5.555,1.423,3.121,5.994,4.946,6.797,3.451,6.256,4.887,6.696,5.301,5.386,4.11,6.273,3.248,4.972,4.169,5.682,5.606,1.904,5.124,1.372,4.085,4.338,3.341,4.566,6.442,4.346,5.572,4.718,6.155,3.434,5.504,2.065,4.744,2.623,4.414,1.676,5.445,2.335,5.014,1.87,4.659,5.504,5.006,5.927,3.003,4.963,4.406,6.096,3.552,5.006,4.059,5.589,4.059,3.451,2.293,2.851,2.437,5.318,3.392,5.47,6.02,3.037,5.994,1.659,3.501,4.963,4.076,5.073,5.394,2.817,5.048,2.656,Baby Love  Supremes,4.854,5.758,5.132,Lionel Ritchie  All night long,2.631,5.327,4.592,Wonderful World  Lou Armstrong,2.589,6.197,5.115,I got you babe  Cher,4.321,5.065,4.82,I want to break free  Queen,5.208,5.648,5.868,On top of the World  The Carpenters,2.986,5.487,5.268,Spaceman Sam Ryder,5.192,6.586,6.586
2022-05-31 14:16:49,2022-05-31 14:51:23,IP Address,90.253.40.29,99,2074,False,2022-05-31 15:32:42,R_6Ez3758PP5UYHU5,,,,,,,anonymous,EN-GB,5ea96886ef7ece0604eee527,"I consent, continue to experiment",61,Male,5.07,7,5.82,5.81,5.77,4.07,4.85,4.07,4.92,3.05,4.07,4.85,4.93,4.94,2.74,4.07,4.07,1.17,4.96,4.96,5.78,5.73,4.07,4.059,2.961,4.059,2.918,5.065,6.045,4.11,6.02,5.031,4.98,4.093,4.701,6.003,2.961,4.059,1.98,6.02,4.989,4.955,4.989,5.065,3.028,4.068,1.008,2.961,4.059,4.068,6.028,4.059,5.082,4.059,6.18,2.927,4.059,1.989,2.935,4.059,1.879,5.006,1.008,4.059,5.006,5.073,5.039,5.023,5.572,4.963,5.09,2.969,2.952,4.059,1.955,4.059,4.946,4.059,5.023,4.972,1.913,5.023,3.003,5.073,6.045,5.09,6.07,6.163,5.006,4.059,2.149,5.935,1.938,5.969,1.997,6.054,6.087,6.037,5.09,5.031,3.028,5.166,2.969,4.059,5.056,4.059,4.549,5.039,5.115,5.09,5.023,3.037,5.639,5.082,6.028,5.107,4.989,4.059,4.524,4.059,2.927,5.031,1.955,6.155,2.944,5.039,1.068,2.927,5.09,4.963,4.93,5.014,3.13,5.107,2.344,https://www.youtube.com/watch?v=qK5KhQG06xU,6.062,6.096,5.014,https://www.youtube.com/watch?v=FS6o3qFimsc,2.048,5.082,4.085,https://www.youtube.com/watch?v=zDDtlDP1dog&list=OLAK5uy_nYE6GAMkd-NJalMHuJiJh1kiXjpMV3IgU,3.037,6.028,5.056,https://www.youtube.com/watch?v=GhoXmUgMQnI,2.977,6.054,6.045,https://www.youtube.com/watch?v=_lIiviHjo0w,5.073,6.062,4.997,https://www.youtube.com/watch?v=zDDtlDP1dog&list=OLAK5uy_nYE6GAMkd-NJalMHuJiJh1kiXjpMV3IgU,3.028,4.989,4.059,https://www.youtube.com/watch?v=g4ywazmFx18,1.963,6.079,5.065
2022-05-31 14:16:44,2022-05-31 14:34:30,IP Address,188.223.232.84,99,1066,False,2022-05-31 15:32:42,R_1MX8wE1N8pDzSKN,,,,,,,anonymous,EN-GB,5c2f587f70d93a000122ac27,"I consent, continue to experiment",63,Female,2.05,4.07,3.34,6.24,4.8,1.24,4.9,1.13,2.55,2.55,2.67,4.73,2.78,4.82,4.75,2.24,1.85,1.23,2.18,2.35,2.66,2.62,4.82,4.059,4.059,1.896,4.059,4.059,4.059,1.921,4.059,3.037,6.113,4.059,6.096,5.056,1.87,6.13,1.008,5.039,1.921,6.011,1.008,4.997,1.008,6.02,1.008,3.011,5.107,3.992,5.023,2.961,7,4.059,7,4.059,4.059,1.87,4.059,5.048,1.887,6.062,1.008,3.037,6.096,5.994,6.062,5.056,4.059,2.91,4.059,4.059,4.059,2.048,4.059,5.031,4.059,2.969,4.059,4.997,2.994,4.059,2.961,2.994,6.087,4.059,7,5.09,1.008,5.031,1.008,5.048,4.059,4.059,4.059,4.059,2.099,2.994,1.921,5.006,1.913,5.048,1.008,4.059,5.006,3.003,4.989,4.059,4.059,1.93,4.059,3.02,7,4.059,6.096,5.099,1.93,5.082,1.887,4.989,4.059,1.87,4.059,5.065,4.068,2.986,4.059,4.059,4.059,1.989,5.048,5.014,2.952,4.93,1.972,https://www.youtube.com/watch?v=2ORHVroiWHk,6.087,7,6.07,https://www.youtube.com/watch?v=NlprozGcs80,3.037,6.146,6.096,https://www.google.com/search?gs_ssp=eJzj4tVP1zc0TDMyM00zNas0YPTiKsnILFYAotxUAGVBB7c&q=this+is+me&rlz=1C1CHBF_en-GBGB961GB969&oq=this+is+me&aqs=chrome.1.0i355i433i512j46i433i512j0i512l2j46i512j0i512l3.3461j0j9&sourceid=chrome&ie=UTF-8,6.079,7,7,https://www.google.com/search?gs_ssp=eJzj4tFP1zcsNjDNKzApMDBg9BLKVM9VKC7JzMkBkol5KZl56QCuaArh&q=i%27m+still+standing&rlz=1C1CHBF_en-GBGB961GB969&oq=i%27m+sti&aqs=chrome.1.0i355i433i512j46i433i512j69i57j0i512j0i20i263i512j46i512l2j0i512j46i512l2.12218j0j4&sourceid=chrome&ie=UTF-8,6.138,6.07,5.994,https://www.youtube.com/watch?v=MiXgOQ9_-RI,7,7,7,https://www.youtube.com/watch?v=NlprozGcs80,2.961,6.037,6.096,https://www.youtube.com/watch?v=Szdziw4tI9o,6.172,6.054,5.065
2022-05-31 14:16:33,2022-05-31 14:40:25,IP Address,79.79.129.37,99,1432,False,2022-05-31 15:32:44,R_1JWyaZZGeR5JTRF,,,,,,,anonymous,EN-GB,61113ad836a1f1b60f4c9389,"I consent, continue to experiment",68,Male,,5.01,5.01,5.98,6,5.97,2.99,3.01,,4.94,,1,,7,,6.03,6.08,7,1,3.12,7,5.88,4.79,5.031,5.445,5.504,5.817,2.994,2.039,1.997,1,6.037,6.121,6.037,6.704,6.332,5.606,6.349,5.31,7,6.028,6.062,5.639,7,7,7,7,6.062,4.685,2.31,3.569,3.155,4.507,4.321,4.406,4.507,4.676,4.397,4.507,7,6.113,6.569,6.687,7,7,6.121,7,2.918,2.783,2.006,1.169,7,2.986,1.887,1.955,4.963,2.006,1,1,7,4.634,5.623,4.997,2.944,3.239,3.434,4.135,7,7,7,7,7,6.704,7,6.223,6.552,6.096,7,6.73,4.524,3.78,4.473,2.817,6.003,5.09,4.262,4.811,2.783,1.735,1.321,1,1.93,6.645,6.544,7,7,3.375,6.028,4.33,3.442,4.837,4.33,5.301,6.079,4.803,4.338,4.321,5.09,6.248,4.955,6.611,7,4.118,4.27,4.625,https://www.youtube.com/watch?v=CrTMc2i6Lzc&list=PL16676565EF852E90&index=9,6.079,7,7,https://www.youtube.com/watch?v=OpQFFLBMEPI&list=PL16676565EF852E90&index=74,6.155,6.13,6.628,https://www.youtube.com/watch?v=_Dat9CRV800&list=PL16676565EF852E90&index=24,7,7,7,https://www.youtube.com/watch?v=u1V8YRJnr4Q&list=PL16676565EF852E90&index=6,6.087,6.096,6.586,https://www.youtube.com/watch?v=uelHwf8o7_U&list=PL16676565EF852E90&index=93,7,7,7,https://www.youtube.com/watch?v=qap9Qm-Q894&list=PL16676565EF852E90&index=27,4.752,6.096,7,https://www.youtube.com/watch?v=WpYeekQkAdc,7,7,7
2022-05-31 14:16:39,2022-05-31 14:49:52,IP Address,86.20.190.154,99,1992,False,2022-05-31 15:32:47,R_2AGd6psVOw6899g,,,,,,,anonymous,EN-GB,60314709a11bc805094d9628,"I consent, continue to experiment",29,Male,5.73,2.5,4.43,4.19,3.86,4.52,3.79,4.32,2.94,5.15,4.35,4.73,4.71,4.16,3.31,4.97,5.18,5.01,4.16,2.91,6.06,4.11,4.07,3.028,3.121,4.397,2.217,3.806,5.496,5.039,4.87,1.854,2.31,4.406,3.223,4.803,4.972,4.668,4.794,5.132,4.152,4.33,3.763,5.766,2.58,5.369,2.158,1.879,4.27,4.955,5.623,2.225,4.575,4.406,4.71,2.918,3.18,4.515,4.752,4.668,5.099,5.158,5.352,2.327,3.366,5.386,4.524,2.31,3.425,4.313,4.575,3.332,2.394,5.623,4.372,3.172,2.758,5.546,4.397,4.558,3.586,4.938,5.132,1.794,2.707,5.251,4.33,4.879,4.372,3.603,3.941,5.023,5.166,4.304,5.394,4.507,5.115,4.27,5.099,4.321,4.583,4.583,4.862,3.611,1.887,6.011,4.794,3.214,4.33,4.161,4.837,3.206,4.608,4.372,4.389,4.625,3.552,4.076,5.09,3.037,3.425,4.262,4.194,5.327,3.146,5.158,3.451,3.408,4.777,4.507,4.887,4.6,4.144,4.101,3.611,https://www.youtube.com/watch?v=7pE8ReA5cn4,6.485,6.738,6.873,https://www.youtube.com/watch?v=GhKOdFYN3U4,1.963,3.273,4.558,https://www.youtube.com/watch?v=s_hzK4DkNSI,5.462,5.893,6.535,https://www.youtube.com/watch?v=wWwVIUnljcY,3.155,2.842,6.155,https://www.youtube.com/watch?v=yHqqCmcF0WI,6.772,6.087,5.69,https://www.youtube.com/watch?v=7pE8ReA5cn4,5.546,6.544,6.51,https://www.youtube.com/watch?v=ECXrUdLhs8I,5.276,5.572,4.744
2022-05-31 14:16:37,2022-05-31 14:36:04,IP Address,84.65.253.242,99,1167,False,2022-05-31 15:32:48,R_2D17gTvo48bFNpT,,,,,,,anonymous,EN-GB,61167ac051d9dca3173af391,"I consent, continue to experiment",52,Male,4.98,4.07,7,4.96,6.13,6.12,,4.96,4.95,3.38,4.95,4.96,4.07,7,3.33,6.98,5.99,4.88,5.77,3.31,5.71,6.58,4.72,5.454,5.268,5.149,4.71,5.682,5.192,4.803,5.192,5.31,5.192,4.727,4.321,6.417,4.685,5.403,2.977,5.8,3.18,5.58,1.017,6.096,6.29,6.223,6.197,5.901,5.192,4.499,4.642,5.885,5.732,4.465,5.673,6.113,6.434,6.054,6.239,5.876,4.296,4.575,3.746,5.775,5.699,5.935,5.521,6.011,5.885,5.589,5.699,6.045,5.868,5.825,5.901,5.724,5.927,4.575,5.91,5.935,3.408,5.648,1.254,5.732,5.42,4.71,4.735,6.011,5.986,5.589,5.352,6.738,6.358,5.462,5.082,5.623,4.304,4.279,4.194,6.172,5.538,5.023,4.752,5.58,5.538,5.149,5.234,5.648,5.445,5.377,5.851,5.318,5.268,5.039,4.304,5.885,4.963,4.566,4.879,5.318,5.192,4.541,4.177,5.842,4.549,4.896,3.062,5.758,5.597,5.369,5.944,6.003,4.651,4.93,2.918,https://www.youtube.com/watch?v=UEO_E9-Z2JA,6.552,6.594,6.485,https://www.youtube.com/watch?v=O8WzDO_hj8A,5.606,6.434,6.239,https://www.youtube.com/watch?v=tpKCqp9CALQ,6.51,6.476,6.459,https://www.youtube.com/watch?v=tzMVIDAlokY,6.299,6.231,6.189,https://www.youtube.com/watch?v=UEO_E9-Z2JA,6.501,6.687,6.476,https://www.youtube.com/watch?v=UEO_E9-Z2JA,6.62,6.611,6.594,https://www.youtube.com/watch?v=i1gEjfBrdf8&list=RDi1gEjfBrdf8&start_radio=1,6.341,6.375,6.383
2022-05-31 14:16:26,2022-05-31 14:42:21,IP Address,90.200.39.151,99,1554,False,2022-05-31 15:32:50,R_Y5rSVEDMc4S5GcV,,,,,,,anonymous,EN-GB,5b816ff9a7dc410001b61753,"I consent, continue to experiment",25,Male,7,3.7,3.59,6.07,2.44,4.91,4.35,4.6,1.17,6.04,5.9,4.95,4.36,5.25,4.57,5.58,6.04,4.46,4.78,1,7,4.63,6,2.977,2.006,2.927,1.946,2.986,4.532,2.42,4.515,2.986,2.479,5.276,4.608,6.223,6.645,5.673,6.104,6.535,2.961,5.023,4.989,6.518,1.93,2.445,1.617,5.048,5.563,5.352,6.104,2.986,6.054,6.13,7,3.468,5.048,2.707,3.645,5.039,5.623,4.98,6.079,2.631,5.454,6.544,7,3.4,3.079,2.369,2.994,3.451,3.003,1.017,2.969,2.327,2.876,5.403,1.87,6.087,5.099,4.245,6.087,3.485,2.445,5.301,2.977,6.763,5.648,1.389,6.535,6.096,5.673,3.037,6.121,4.668,5.504,1.989,5.749,6.358,6.983,5.132,7,4.642,3.544,5.318,4.456,3.375,2.665,4.549,2.851,5.056,6.197,5.056,6.975,5.623,6.087,4.592,6.104,3.07,4.617,3.045,5.006,5.555,5.048,2.006,4.532,5.606,6.569,5.969,7,6.146,5.563,3.51,5.597,Wet Dream by Wet Leg,6.594,7,5.952,https://www.youtube.com/watch?v=1prweT95Mo0,4.524,5.986,7,https://www.youtube.com/watch?v=3X-KbPmOx8s,5.42,6.011,5.538,https://www.youtube.com/watch?v=JhvyWCyXuqg,4.423,3.332,7,https://www.youtube.com/watch?v=NV39h7GHDYs,6.273,7,7,https://www.youtube.com/watch?v=pat2c33sbog,5.462,5.192,4.625,https://www.youtube.com/watch?v=RBumgq5yVrA,5.386,6.045,7
2022-05-31 14:16:26,2022-05-31 14:34:50,IP Address,147.161.166.207,99,1104,False,2022-05-31 15:32:50,R_0006AGRD2HFv6Ol,,,,,,,anonymous,EN-GB,5de558e664e4b10d7d8de5cc,"I consent, continue to experiment",27,Male,5.14,,4.11,5.08,2.75,5.09,2.94,5.05,3.02,2.75,6.08,,2.87,3.05,1.68,7,,2.68,5.21,,,2.98,5.53,3.915,3.73,2.606,4.008,4.803,4.651,2.115,2.555,1.777,3.637,1.98,2.834,5.606,4.085,3.586,3.485,5.977,1.287,5.977,1,6.611,1.592,4.6,3.89,1.727,4.727,3.958,4.135,1.777,4.431,1.904,3.704,4.059,3.366,2.234,2.91,5.014,2.859,3.054,3.02,1.98,4.059,2.665,4.321,1.997,2.487,2.09,2.394,3.637,3.645,1.93,3.028,2.876,3.07,1.439,2.91,5.403,3.637,3.789,2.673,2.09,3.07,3.02,3.037,6.315,5.183,3.493,5.158,5.386,2.521,3.231,1.93,4.127,3.789,2.023,1.693,5.614,4.617,4.203,4.558,3.772,4.169,3.51,4.085,2.986,2.91,1.761,2.327,1.6,3.823,1.575,3.62,4.752,3.18,2.639,2.234,3.265,3.67,1.862,3.172,3.772,3.569,2.572,3.899,3.501,3.865,2.876,3.915,5.445,4.803,3.949,5.056,https://www.youtube.com/watch?v=6iywQt5ZEz0,6.206,6.121,5.445,https://www.youtube.com/watch?v=1LsabQV0Yjk,5.53,6.223,5.817,https://www.youtube.com/watch?v=hYV0Wp0MdZ4,2.876,5.766,5.699,https://www.youtube.com/watch?v=Pfo-8z86x80,4.659,6.493,6.07,https://www.youtube.com/watch?v=8Uee_mcxvrw,6.696,6.189,6.273,https://www.youtube.com/watch?v=jSQYTt4xg3I,6.349,5.859,5.673,https://www.youtube.com/watch?v=udsMTb2NIak,5.918,6.704,6.003
2022-05-31 14:16:26,2022-05-31 14:59:42,IP Address,86.172.107.159,99,2596,False,2022-05-31 15:32:53,R_2BbXZnPDpvBUcsq,,,,,,,anonymous,EN-GB,606aeb3ee107648871fa0479,"I consent, continue to experiment",30,Female,4.07,3.82,5.91,4.85,5.5,6.7,4.52,4.07,7,3.43,4.07,4.41,3.78,4.93,3.86,4.6,3.58,5.01,5.32,5.62,4.47,6.42,4.37,4.059,4.059,4.363,5.082,4.059,4.059,2.09,3.451,4.786,4.617,4.059,4.49,5.006,4.059,3.51,4.515,5.006,4.059,1.008,2.623,6.915,4.465,4.313,5.487,2.986,3.772,4.059,4.059,3.037,4.059,1.017,4.059,4.321,4.98,3.654,4.71,6.104,5.082,3.045,5.732,4.237,4.059,4.211,4.744,4.059,5.048,3.358,4.592,4.059,4.059,2.217,3.163,4.059,4.186,2.901,3.704,4.98,4.059,4.059,3.493,2.944,3.797,4.203,4.363,6.527,4.786,4.803,5.31,5.006,4.059,2.225,2.893,5.631,4.49,4.059,4.355,6.02,4.904,2.792,4.93,4.059,4.059,1.752,4.059,3.155,4.059,4.059,4.059,2.268,4.059,2.766,4.059,4.668,4.659,4.059,4.059,4.059,4.059,4.059,4.913,7,5.31,4.059,4.524,3.07,4.059,3.045,4.059,4.972,4.997,4.921,5.065,https://youtu.be/WykD3CKbJj8,7,5.918,4.735,https://youtu.be/q5m09rqOoxE,4.752,6.924,7,https://youtu.be/o9KfF0r-gsk,5.369,6.054,7,https://youtu.be/q5m09rqOoxE,4.059,6.865,6.941,https://youtu.be/v8SNlvR86xc,7,6.163,4.761,https://youtu.be/jsBSpVPXVOo,6.856,6.366,7,https://youtu.be/o9KfF0r-gsk,5.099,6.02,7
2022-05-31 14:16:25,2022-05-31 14:36:26,IP Address,86.4.86.87,99,1200,False,2022-05-31 15:32:55,R_ujMCuyvIZoi66Kl,,,,,,,anonymous,EN-GB,5f356cbffb4cea5170d04fd9,"I consent, continue to experiment",28,Male,4.78,3.01,4.33,3.25,1.81,5.27,3.08,5.31,2.87,4.35,4.07,4.52,4.75,5.27,3.21,6.16,5.23,5.38,4.42,1.36,5.53,5.28,5.84,4.938,3.518,3.721,4.346,2.487,5.479,5.335,4.93,5.039,1.845,4.549,4.887,4.752,3.459,3.67,4.541,6.349,4.177,3.772,3.518,5.817,3.966,1.634,3.746,2.876,4.854,4.685,4.685,4.414,3.037,4.152,4.955,3.197,4.997,4.735,4.752,5.073,4.98,5.31,5.149,4.887,2.665,4.541,4.456,3.231,5.454,5.318,5.107,2.935,5.411,2.369,4.913,3.307,5.42,5.377,4.938,5.749,4.896,3.797,5.132,4.963,3.442,4.431,4.82,5.707,4.017,1.744,3.679,6.138,5.301,3.011,5.065,3.231,4.777,3.07,5.149,5.065,3.628,3.155,4.237,3.4,2.614,5.208,4.761,3.299,5.344,4.701,5.192,2.952,2.251,3.594,2.961,4.718,4.913,3.054,5.217,2.961,2.952,4.144,3.679,5.513,2.496,2.487,1.811,2.386,2.124,4.693,5.175,4.997,3.485,5.665,5.386,https://www.youtube.com/watch?v=bESGLojNYSo,5.614,6.417,6.4,https://www.youtube.com/watch?v=XMbvcp480Y4,2.961,4.042,4.811,https://www.youtube.com/watch?v=PWgvGjAhvIw,5.69,6.332,6.07,https://www.youtube.com/watch?v=qrO4YZeyl0I,5.251,6.231,5.589,https://www.youtube.com/watch?v=wmin5WkOuPw,5.403,4.744,5.639,https://www.youtube.com/watch?v=IXdNnw99-Ic,4.651,5.132,5.707,https://www.youtube.com/watch?v=mrQmqR7NxDI,6.189,5.741,4.718
2022-05-31 14:16:23,2022-05-31 14:16:35,IP Address,79.67.130.72,2,12,False,2022-05-31 15:32:55,R_2TSNaOJnUGM4D9A,,,,,,,anonymous,EN-GB,5a69d77a56585a0001633482,"I consent, continue to experiment",,,,,,,,,,,,,,,,,,,,,,,,,,,,,,,,,,,,,,,,,,,,,,,,,,,,,,,,,,,,,,,,,,,,,,,,,,,,,,,,,,,,,,,,,,,,,,,,,,,,,,,,,,,,,,,,,,,,,,,,,,,,,,,,,,,,,,,,,,,,,,,,,,,,,,,,,,,,,,,,,,,,,
2022-05-31 14:16:25,2022-05-31 14:30:44,IP Address,208.127.199.15,99,859,False,2022-05-31 15:32:55,R_3spIrQffUt0eUQC,,,,,,,anonymous,EN-GB,5fc10c9ec1c0520a44a0d902,"I consent, continue to experiment",32,Female,7,4.07,4.86,4.9,6.26,4.91,7,1.62,4.45,4.59,2.81,4.53,5.02,4.42,2.5,4.47,5.72,2.87,2.86,2.93,7,3.11,4.41,1.439,2.707,5.732,5.006,1,2.462,1.71,3.138,1.558,3.113,3.13,3.915,5.014,5.023,5.031,4.228,7,6.4,6.358,6.011,6.873,5.335,4.862,5.166,1.676,4.448,4.338,4.583,1.82,4.532,4.245,4.752,5.158,4.439,1.786,4.761,7,4.786,4.321,4.38,1.82,1.989,2.31,2.208,2.834,4.676,4.321,4.507,4.346,4.515,4.397,4.676,4.304,4.203,2.403,4.152,6.493,3.113,7,7,2.344,1.862,5.986,5.318,7,7,3.189,5.175,7,7,7,7,5.369,2.073,4.321,2.47,5.082,3.738,4.22,3.18,7,7,7,7,4.22,4.296,1.203,3.138,1.203,2.58,3.315,2.851,4.938,4.194,4.904,4.262,3.231,2.69,5.893,5.589,6.856,7,5.53,5.732,7,7,7,7,6.907,5.8,6.223,7,https://www.youtube.com/watch?v=t3RjCiq1ICY,7,7,7,https://www.youtube.com/watch?v=KtlgYxa6BMU,7,6.78,7,https://www.youtube.com/watch?v=NjMsWarn8BI,5.589,2.031,7,https://www.youtube.com/watch?v=C-BnRZ52jHs,6.434,2.639,7,https://www.youtube.com/watch?v=UmPgMc3R8zg,7,6.789,7,https://www.youtube.com/watch?v=aUqRLL92gVI,5.817,2.935,7,https://www.youtube.com/watch?v=C0IQm-MXh2s,7,7,7
2022-05-31 14:16:19,2022-05-31 14:32:54,IP Address,176.255.9.170,99,994,False,2022-05-31 15:32:56,R_2y9PAP0w0dBgFbc,,,,,,,anonymous,EN-GB,628f7669ee68aabf3930123b,"I consent, continue to experiment",38,Male,4.94,2.83,3.04,5.1,3.33,1.48,2.22,4.79,1.29,4.8,2.99,4.33,2.7,5.03,1.48,4.55,2.84,1.67,3.65,1.13,6.97,4.75,5.11,3.577,5.149,5.935,6.476,3.366,5.099,5.014,5.268,3.223,3.383,4.338,3.51,4.685,3.037,3.011,2.377,5.732,5.656,4.093,6.163,5.513,5.344,5.115,5.42,3.544,4.769,4.423,3.755,3.256,5.065,5.2,4.862,3.265,4.769,3.256,4.507,5.851,5.369,4.769,4.904,3.231,4.279,3.586,3.501,3.823,6.113,6.02,7,3.332,4.701,3.493,4.296,3.535,5.285,6.239,6.696,5.394,4.811,4.465,4.98,2.918,4.879,5.225,5.301,4.617,5.293,5.318,5.115,6.577,5.546,4.642,5.606,6.104,6.087,4.887,4.879,4.499,3.332,2.893,2.707,3.468,5.648,5.775,6.079,5.141,6.823,5.107,6.51,2.986,5.141,5.166,4.87,4.651,4.515,3.29,3.037,2.842,5.454,5.606,6.011,5.293,5.132,5.099,4.972,4.676,5.124,5.107,6.248,4.203,4.279,4.338,4.414,https://youtu.be/aENX1Sf3fgQ,5.344,6.299,6.611,https://youtu.be/rrPUJsZQSkw,2.724,5.513,6.02,https://youtu.be/wBl2QGAIx1s,6.028,6.451,6.425,https://youtu.be/FTQbiNvZqaY,5.082,7,7,https://youtu.be/ZbZSe6N_BXs,6.383,6.121,6.273,https://youtu.be/ofA3URC1wyk,5.377,7,6.89,https://youtu.be/5pidokakU4I,5.31,5.47,6.054
2022-05-31 14:16:19,2022-05-31 14:21:32,IP Address,92.15.243.61,41,312,False,2022-05-31 15:32:57,R_RIzHPWAcHj4LPmV,,,,,,,anonymous,EN-GB,5f138bbecda32013aed8add1,"I consent, continue to experiment",25,Female,5.04,1.08,1.06,1.09,3.09,5.77,1.13,1.09,1.18,1.15,1.16,1.14,1.16,4.96,1.08,6.09,1.1,6.47,1.03,1.02,1.08,5.03,4.69,,,,,5.487,5.251,4.997,5.242,,,,,4.896,4.879,4.997,4.989,5.901,6.07,6.079,5.918,5.563,5.648,5.572,5.141,,,,,,,,,,,,,4.845,4.423,4.541,4.955,,,,,,,,,,,,,3.797,4.811,4.482,5.031,2.969,3.654,5.242,4.854,,,,,,,,,5.437,5.521,5.437,5.53,,,,,,,,,,,,,3.028,3.146,3.839,5.217,2.234,3.679,4.997,4.887,5.868,5.656,5.563,4.862,5.792,5.851,5.825,5.817,5.158,5.107,4.997,5.217,,,,,,,,,,,,,,,,,,,,,,,,,,,,,,,,,,,,
2022-05-31 14:16:18,2022-05-31 14:42:07,IP Address,92.1.204.97,99,1548,False,2022-05-31 15:32:58,R_1kLiQCetQuVl87g,,,,,,,anonymous,EN-GB,5e6fbea13c76d25857ee4fd6,"I consent, continue to experiment",37,Male,4.92,7,4.85,,2.35,4.52,4.57,2.69,4.64,5.69,2.02,5.28,2.34,7,1.46,1,4.75,3.04,5.96,5.31,5.07,4.1,2.93,2.994,4.059,5.082,4.82,4.059,5.023,2.944,7,5.073,2.944,6.172,6.07,6.079,2.885,5.107,2.546,7,1.87,6.087,1,7,2.961,1.963,1.913,4.997,2.732,4.955,6.155,1.904,7,5.048,6.992,1.963,7,2.859,7,3.011,2.825,2.817,6.18,2.039,1.828,6.045,7,4,6.003,3.003,7,5.056,5.09,3.037,4.059,2.454,5.918,2.868,7,7,2.893,2.944,2.944,2.893,4.989,1.946,3.535,7,6.087,5.242,5.107,7,5.082,2.961,5.073,7,5.073,3.079,3.037,7,1.879,7,1,1.946,2.969,6.223,7,2.952,7,1.93,7,1.845,7,2.69,6.172,7,5.056,5.056,2.673,1.98,1.913,6.062,4.989,6.02,6.062,5.961,5.107,2.986,2.91,6.079,6.096,6.121,2.944,4.059,3.028,https://www.youtube.com/watch?v=AdzqdAQDqgI,2.124,7,7,https://www.youtube.com/watch?v=FbsO3bgyH84,3.003,5.031,5.031,https://www.youtube.com/watch?v=LOjHocrieRY,2.014,6.121,7,https://www.youtube.com/watch?v=SroerebKr4g,5.073,4.059,6.096,https://www.youtube.com/watch?v=u1xrNaTO1bI,7,7,5.048,https://www.youtube.com/watch?v=v6qFCYRQKVA,5.149,2.91,7,https://www.youtube.com/watch?v=cNuae4vraaU,4.059,4.059,7
2022-05-31 14:16:15,2022-05-31 14:32:46,IP Address,147.161.167.81,99,990,False,2022-05-31 15:33:00,R_3rOszDZnfwZm5jp,,,,,,,anonymous,EN-GB,5fd4d57f62a68127c8ed21b6,"I consent, continue to experiment",34,Male,,6.13,4.94,3.01,4.97,2.01,2.05,2.16,2.01,4.45,,,,5.8,1.85,4.79,6.12,5.05,,1.88,4.93,2,6.1,4.194,4.752,1.989,2.437,5.056,5.082,4.33,4.6,4.245,4.431,1.786,1.803,5.082,5.065,2.969,4.515,4.963,4.87,3.02,4.245,4.744,4.304,2.462,3.679,4.161,4.228,1.296,1.355,3.442,4.465,2.031,1.676,5.175,5.192,4.431,5.073,4.938,4.541,2.893,3.485,4.211,4.211,1.566,1.701,5.124,5.09,4.879,5.166,4.803,4.769,2.682,3.442,4.997,5.132,4.346,4.989,4.794,4.879,3.51,4.414,4.169,3.882,1.963,2.42,4.938,4.963,3.468,3.67,5.225,5.073,4.203,4.211,4.896,5.065,3.696,4.727,4.989,4.938,4.896,4.854,5.141,4.913,2.58,3.645,5.132,5.158,4.499,5.073,4.144,4.169,1.617,2.039,4.727,4.338,3.628,4.38,4.862,3.924,1.499,1.854,4.989,4.921,3.163,4.592,4.406,4.701,2.234,3.425,5.014,5.056,2.808,3.67,https://www.youtube.com/watch?v=GGye1pK2ysQ,6.18,6.231,6.51,https://www.youtube.com/watch?v=3yy-dKTmyOo,3.823,5.056,4.777,https://www.youtube.com/watch?v=1ClCpfeIELw,6.155,6.087,5.977,https://www.youtube.com/watch?v=7iNbnineUCI,6.062,6.045,6.603,https://www.youtube.com/watch?v=j4ErmBDTOJo&t=13s,6.07,5.918,6.932,https://www.youtube.com/watch?v=7iNbnineUCI,6.13,6.054,6.518,https://www.youtube.com/watch?v=5e7844P77Is,5.969,5.969,6.079
2022-05-31 14:16:13,2022-05-31 14:40:24,IP Address,81.158.181.196,99,1450,False,2022-05-31 15:33:01,R_29vrvQJvrGS2L2P,,,,,,,anonymous,EN-GB,5bb0e35556161d0001feccdc,"I consent, continue to experiment",62,Male,6.06,2.95,7,5.01,1,1,4.92,4,1,6.12,3.97,1,1,7,3.17,4.83,6.22,1,4.88,1,7,1,1,1.946,2.969,1,1,5.023,5.031,2.023,1.963,1.98,2.977,1.913,1.972,4.025,1,1,1,5.023,4.042,4,1.972,6.028,4.025,1,1,2.969,3.003,1,1.963,1.98,5.014,4.017,5.023,2.977,5.065,3.975,3.992,2.977,2.969,1,1,1.963,5.031,3.062,3.992,4.025,5.014,1.989,1.938,5.039,5.039,2.969,5.014,5.023,5.006,3.011,1.938,5.014,4.008,3.992,1.955,3.028,5.048,3.975,5.048,6.079,4.025,1,1,5.031,4.025,2.935,1.963,3.003,1,1,1,4.059,1.946,1.963,1,2.994,4.017,1,1,4.025,4.997,1.989,1.946,1.963,4,2.961,2.977,4,1,1,1,1.946,2.994,1.938,1,2.986,1,1,1,1.955,2.994,1,1,2.952,4.448,3.003,2.952,https://www.youtube.com/watch?v=v2AC41dglnM,7,7,7,Samba Pa Ti by Santana,6.02,6.02,5.994,https://www.youtube.com/watch?v=rnrK3zxsKdA,3.003,6.003,6.02,https://www.youtube.com/watch?v=KLVq0IAzh1A,3.028,5.006,6.079,https://www.youtube.com/watch?v=1w7OgIMMRc4,7,7,6.011,https://www.youtube.com/watch?v=LzGBQerkvWs,4.017,6.079,7,https://www.youtube.com/watch?v=eEv6jy_7PQQ,7,7,6.02
2022-05-31 14:16:12,2022-05-31 14:38:21,IP Address,90.241.49.205,99,1329,False,2022-05-31 15:33:01,R_2rBE02xmurrZr70,,,,,,,anonymous,EN-GB,5f213c7482794102f39debca,"I consent, continue to experiment",27,Male,4.02,5.01,6.52,5.07,6.05,6.81,6.7,7,4.68,4.68,6.81,6.45,4,4.95,3.65,4.92,5.75,6.62,6.5,3.01,5.08,5.47,5.47,2.403,1.321,4.904,1,4.989,5.031,5.039,7,4.025,2.893,3.011,4.524,5.504,4.059,3.02,4.042,7,2.893,5.039,2.411,7,1.82,6.062,1,5.031,2.986,2.961,2.952,4.025,4.008,1.938,2.994,3.975,3.941,1,2.961,4.025,3.992,4.008,3.992,4.997,2.935,4.946,2.885,4.017,6.087,2.944,6.062,4.034,3.992,1.963,4.025,4.008,6.087,4.997,7,4.059,1.693,5.056,1.693,3.062,4.008,1.972,4.008,7,2.994,5.065,1,5.023,2.961,6.045,3.992,5.039,5.065,2.969,5.927,6.037,5.039,3.07,3.992,2.961,1.955,5.014,1.938,5.031,6.062,5.031,7,5.056,6.096,4.017,5.031,5.048,4.025,2.006,5.023,1.963,1.811,4.025,1,5.056,3.983,5.056,2.944,2.969,2.969,4,1.963,5.006,2.969,4.025,2.969,https://www.youtube.com/watch?v=EJjn03K0JsQ,6.062,7,5.986,https://www.youtube.com/watch?v=RPalElBUdgE,2.969,6.037,4.034,https://www.youtube.com/watch?v=ATGNEdNBY7E,2.935,6.037,5.023,https://www.youtube.com/watch?v=zL3wWykAKfs,4.051,3.079,5.031,https://www.youtube.com/watch?v=G_IIsittDxA,6.062,6.113,5.039,https://www.youtube.com/watch?v=qNG08SaHQ1U,4.98,6.028,5.073,https://www.youtube.com/watch?v=Ani_6IRV20A,4.008,4.059,6.358
2022-05-31 14:16:12,2022-05-31 14:32:31,IP Address,81.139.165.220,99,979,False,2022-05-31 15:33:02,R_cwHv2JU5DppYWAh,,,,,,,anonymous,EN-GB,5cf6ee10d5478e0001da72bd,"I consent, continue to experiment",37,Female,2,3.05,3.13,4.15,5.16,6.74,1,1.63,1,4.63,3.02,5.94,2.85,6.05,4.55,7,4.21,2.53,5.08,1,6.79,3.49,5.39,3.679,4.194,2.749,4.473,5.107,4.904,2.014,3.654,2.115,1.904,4.98,2.597,4.93,3.079,3.214,2.715,6.214,4.904,4.355,5.107,7,6.13,4.701,5.825,2.141,3.315,2.242,3.552,2.758,4.811,4.448,4.837,4.313,4.101,3.172,2.521,5.158,2.462,2.352,1.228,3.054,3.899,1.997,3.476,3.037,5.445,2.876,3.028,4.228,4.186,2.141,2.91,3.146,2.665,2.276,3.746,6.045,6.062,3.324,5.53,2.006,3.687,3.831,4.372,7,6.763,5.276,7,6.611,6.13,4.448,6.02,6.062,4.997,3.121,3.763,4.634,3.037,2.572,2.056,4.304,4.228,2.099,3.915,5.2,4.625,2.124,3.746,2.149,4.499,3.239,3.62,6.07,4.963,4.177,4.617,3.29,4.532,4.321,4.668,5.327,5.732,4.33,5.175,3.569,4.465,2.082,4.592,4.549,4.837,4.211,4.963,https://youtu.be/0bGjlvukgHU,6.738,7,6.315,https://www.youtube.com/watch?v=SP9IrCCMUUw,3.983,5.056,5.335,https://youtu.be/I7rCNiiNPxA,6.924,6.865,5.944,https://youtu.be/vGwIaL0jOUg,5.2,3.045,6.18,https://youtu.be/YJXPTnPmm78,7,6.831,5.614,https://youtu.be/vKPGxGCFgTs,5.445,6.079,6.417,https://youtu.be/o-iBRKYsjlc,6.772,7,5.445
2022-05-31 14:16:10,2022-05-31 15:12:02,IP Address,213.249.182.101,99,3351,False,2022-05-31 15:33:03,R_1C29FvTCZep40mk,,,,,,,anonymous,EN-GB,56d56e550b5634000bdc5703,"I consent, continue to experiment",42,Male,5.02,4.07,1.88,4.99,2.08,7,2.01,2.76,2.72,4.07,5.01,2.97,5.09,4.35,1.97,6.06,2.93,5.11,4.4,1.72,6.37,3.72,5.56,1.397,2.538,4.575,2.462,5.546,5.572,3.408,4.507,2.487,3.476,4.059,5.031,6.079,6.02,6.62,7,5.623,5.572,4.566,5.124,6.485,7,6.738,7,1.921,3.459,5.073,2.961,1.913,5.048,5.099,4.541,3.535,4.592,3.028,2.986,5.606,6.062,5.039,5.656,1.98,2.944,5.031,3.011,5.563,5.056,4.017,4.017,3.51,2.961,4.592,3.992,5.031,5.023,5.631,5.039,6.07,6.07,5.039,5.597,2.961,1,7,4.583,7,7,7,7,6.611,6.062,6.054,6.07,5.014,5.623,4.507,5.031,5.048,6.07,5.048,6.062,1.938,3.535,3.037,4.955,4.059,3.594,1.879,2.487,1.93,1.963,5.563,4.541,5.048,5.639,6.054,5.073,2.386,3.569,2.977,3.611,4.651,3.476,3.003,1.972,1.87,3.924,4.482,5.023,2.994,2.994,5.065,4.059,https://www.youtube.com/watch?v=UsGCQVGa8kY,7,7,7,https://www.youtube.com/watch?v=oFI4s_hzJ_Q&list=PLnQR2Z6HgrU6UtVjVQwUqT9KebIe90FxU,2.479,6.087,7,https://www.youtube.com/watch?v=wfWIs2gFTAM,7,4.532,6.087,https://www.youtube.com/watch?v=ET1-6Bef9xU,5.023,6.011,6.045,https://www.youtube.com/watch?v=LS4r8joAYkY,7,7,7,https://www.youtube.com/watch?v=4rIW1Xz63Wc,7,7,7,https://www.youtube.com/watch?v=h_L4Rixya64,6.037,7,6.527
2022-05-31 14:16:06,2022-05-31 14:35:40,IP Address,90.221.229.3,99,1174,False,2022-05-31 15:33:05,R_3PAk7zGR4bFcs0B,,,,,,,anonymous,EN-GB,5a382a915a83ff00015ae9ce,"I consent, continue to experiment",21,Male,2.95,1.86,6.18,2.86,6.55,5.24,4.64,4.41,2.28,3.27,3.41,5.9,4.79,5.19,1.2,7,2.96,6,6.59,1.01,5.45,6.24,4.49,6.206,6.662,4.566,6.265,2.927,4.803,2.2,3.789,1.93,1.414,1.879,1.245,4.989,5.546,5.208,4.668,6.679,4.71,5.166,4.549,6.569,4.87,5.487,4.254,2.377,3.239,4.439,3.806,2.479,4.304,3.459,5.023,4.828,3.315,4.515,3.62,6.611,6.814,6.383,6.704,1.473,1.972,2.546,1.304,2.783,4.541,3.476,2.994,5.614,4.668,5.259,5.842,5.039,5.504,3.087,4.38,5.31,5.935,5.479,4.854,2.673,5.893,4.718,3.273,4.761,6.18,5.496,3.366,6.206,5.563,4.786,5.8,5.555,4.634,3.121,4.346,4.465,5.208,4.744,5.69,5.141,6.544,5.775,5.268,4.854,3.079,3.51,4.321,5.259,4.651,5.969,4.245,4.6,5.614,5.014,3.206,5.386,5.859,5.58,6.189,6.408,6.079,5.715,6.713,5.031,5.707,4.389,5.377,5.614,6.375,5.225,5.479,https://www.youtube.com/watch?v=Z_MvkyuOJgk,5.986,5.251,6.476,https://www.youtube.com/watch?v=VPHMDcUrs0o,2.445,4.406,3.552,https://www.youtube.com/watch?v=-8VfKZCOo_I,5.53,4.769,5.893,https://www.youtube.com/watch?v=Y_oD111dK7c,2.361,3.163,4.896,https://www.youtube.com/watch?v=ym05p8vMsqg,5.183,4.423,5.977,https://www.youtube.com/watch?v=Dw8B1q1tKgs,5.301,6.442,5.631,https://www.youtube.com/watch?v=5-IKqFRvjOc,4.6,3.299,5.2
2022-05-31 14:16:04,2022-05-31 14:37:09,IP Address,82.14.92.23,99,1265,False,2022-05-31 15:33:06,R_SQ37nyjRWE4av0l,,,,,,,anonymous,EN-GB,60d32113bb260e3f2de94109,"I consent, continue to experiment",22,Male,3.01,3.1,6.09,6.06,4.02,5.09,,6.16,1,1,3.32,7,1.94,4.86,4.85,3.37,1.69,3.43,6.54,1,5.06,2.7,4.53,2.783,3.079,2.792,4.651,4.33,6.121,4.82,7,3.07,1.676,3.087,1.87,5.749,5.361,4.558,4.887,6.848,5.682,5.749,5.369,6.18,4.87,3.02,1.515,3.096,2.961,3.02,2.732,3.172,4.803,4.473,5.234,3.299,4.499,4.389,4.735,5.766,3.637,5.403,5.538,4.397,3.594,4.963,3.814,4.448,4.82,4.456,6.865,3.603,3.442,2.682,3.485,3.687,5.344,4.921,7,5.487,2.868,3.442,3.451,4.448,4.625,3.746,5.293,5.293,3.713,2.885,1.431,4.439,2.834,3.341,1.989,5.834,5.023,1.955,3.037,5.09,5.039,3.02,4.194,3.079,2.006,5.082,6.003,4.338,5.479,4.676,6.73,2.961,5.462,6.189,7,6.02,4.946,1.946,3.037,1.777,3.425,5.403,5.58,6.265,5.842,6.485,6.299,3.104,3.138,5.183,3.51,3.797,5.369,5.546,5.699,https://www.youtube.com/watch?v=ADlGkXAz1D0,6.324,7,6.434,https://www.youtube.com/watch?v=HlolEYHP80c,1,3.163,7,https://www.youtube.com/watch?v=xLb7_UrV3-A,6.248,5.563,5.428,https://www.youtube.com/watch?v=aN5Rvwtt_II,3.459,6.476,7,https://www.youtube.com/watch?v=l7eiPEy9uXg,5.276,5.732,6.899,https://www.youtube.com/watch?v=eg-cHXZqH60 (A lot of Yumi Zouma's songs help me forget the world),3.231,4.989,7,https://www.youtube.com/watch?v=U9cXWCJl5jg,3.256,6.603,7
2022-05-31 14:16:01,2022-05-31 14:37:43,IP Address,79.66.83.150,99,1302,False,2022-05-31 15:33:08,R_2aUN22veFlUsPQE,,,,,,,anonymous,EN-GB,5ec7b132b11a172266fd8915,"I consent, continue to experiment",35,Male,5.11,2.97,6.01,6.15,6.1,6.18,4.07,5.53,1.07,1.03,1.08,4.07,4.99,5.01,3.26,5.12,5.18,6.71,6.77,1.01,3.35,5.84,5.95,3.501,5.014,5.065,4.211,5.115,5.851,4.668,4.837,1.735,6.265,5.175,6.172,7,7,7,7,6.028,1.659,1.718,1.828,7,3.485,3.485,6.18,1.008,7,6.138,5.699,7,7,7,7,6.155,7,7,6.096,7,7,6.13,6.975,4.059,5.851,7,5.107,7,7,7,7,4.845,6.485,5.994,6.121,7,6.113,6.223,6.18,7,1.017,1.034,1.008,3.662,7,7,6.121,7,7,7,7,2.462,1.186,1.008,1.025,7,7,5.639,5.758,7,7,7,7,4.507,5.023,4.27,4.482,7,7,6.104,7,3.645,7,7,6.087,7,7,7,7,4.828,5.885,5.876,5.107,4.887,3.07,1.972,3.29,3.358,5.175,4.059,5.115,7,7,7,5.521,https://www.youtube.com/watch?v=1btUMdEwYcs,7,7,7,https://www.youtube.com/watch?v=VzDN7mCDoC0,3.07,7,7,https://www.youtube.com/watch?v=lgT1AidzRWM,7,7,7,https://www.youtube.com/watch?v=qGuLqe-NMKg,3.079,7,7,https://www.youtube.com/watch?v=LeBf0wh9n0E,7,7,7,https://www.youtube.com/watch?v=BgfcToAjfdc,4.059,6.138,6.18,https://www.youtube.com/watch?v=MIPLOxRAo6Y,7,7,7
2022-05-31 14:16:06,2022-05-31 14:31:35,IP Address,192.76.28.90,99,928,False,2022-05-31 15:33:10,R_D8Ll0dHE5ZHV0Jj,,,,,,,anonymous,EN-GB,56b8fafebf489c000b7dce01,"I consent, continue to experiment",30,Male,5.71,4.42,4.42,6.4,4.34,5.65,4.42,4.36,3.83,3.65,5.23,4.21,4.16,4.23,4.73,4.74,3.87,5.39,4.14,3.46,4.94,4.74,5.88,3.527,4.355,5.039,3.561,5.065,5.107,3.408,4.465,2.462,3.535,2.47,4.127,5.031,5.082,3.442,4.33,6.028,2.327,4.617,2.344,4.423,3.392,1.946,2.623,3.586,4.27,4.186,4.161,3.045,3.637,2.082,3.442,3.637,4.355,1.913,3.485,4.592,4.617,2.048,3.73,3.637,4.38,4.22,4.245,4.575,5.039,4.245,4.845,4.338,4.363,4.38,3.831,5.073,5.513,4.566,4.507,5.065,2.986,2.09,2.394,2.859,3.003,3.011,3.459,4.245,3.73,2.53,3.003,5.175,2.065,2.039,2.031,4.913,3.349,2.513,3.544,5.099,5.048,3.594,4.473,3.493,4.017,1.473,3.197,5.597,5.58,4.575,4.592,3.501,4.355,2.589,3.577,3.713,3.51,2.115,3.493,3.408,4.161,1.938,3.206,5.487,5.048,3.062,3.535,3.611,4.372,1.93,3.949,4.372,4.262,1.82,3.561,https://www.youtube.com/watch?v=gJ50rvySDCk,5.732,6.104,5.699,https://www.youtube.com/watch?v=UCbt_x5K7c8,4.127,5.065,4.355,https://www.youtube.com/watch?v=gvC87CzaeOc,4.634,5.648,4.761,https://www.youtube.com/watch?v=BzWkp_FmXZE,5.555,2.521,6.087,https://www.youtube.com/watch?v=eJSik6ejkr0,5.623,5.132,4.558,https://www.youtube.com/watch?v=79fzeNUqQbQ,4.735,5.487,4.363,https://www.youtube.com/watch?v=ofaRvNOV4SI,5.065,5.09,4.515
2022-05-31 14:16:03,2022-05-31 14:27:28,IP Address,81.152.76.154,99,684,False,2022-05-31 15:33:11,R_yjysowoWvJiCMUx,,,,,,,anonymous,EN-GB,59864648fd8cca00015cbb09,"I consent, continue to experiment",41,Female,7,4.07,4.07,4.07,4.07,6.29,4.07,4.81,4.07,4.07,4.07,3.35,4.07,6.33,4.07,5.64,4.41,5.75,4.94,1.69,6.38,5.99,4.77,2.901,4.059,4.651,4.059,4.059,4.059,2.099,1.879,2.977,4.059,4.921,4.735,5.834,5.606,4.879,6.155,5.411,4.059,3.518,4.059,6.146,5.014,3.079,4.6,2.462,4.059,4.777,4.693,2.192,4.6,2.639,4.059,4.059,4.87,2.454,4.059,5.986,5.403,4.059,4.059,2.454,4.059,4.989,4.617,4.059,4.059,2.639,3.096,3.011,4.718,2.623,4.059,3.011,3.282,1.794,1.456,5.014,4.059,2.977,3.113,2.741,4.059,2.538,4.059,6.054,5.099,4.059,4.718,6.02,4.465,2.961,2.521,5.783,5.724,4.059,4.938,5.994,5.352,4.744,5.352,3.02,3.146,4.059,4.862,2.361,3.349,2.048,1.794,2.242,4.059,4.059,4.059,4.938,4.997,4.059,4.786,2.808,4.059,2.285,2.775,5.614,4.059,2.715,2.251,2.124,4.059,4.777,4.896,4.059,4.059,2.699,2.977,"loco in acapulco, the four tops",6.696,6.814,5.234,"gypsy, fleetwood mac",4.059,5.944,6.425,"i am what i am, gloria gaynor",6.104,6.814,5.682,"everybody hurts, rem",4.059,3.561,6.865,"superstition, stevie wonder",6.358,6.746,6.189,"for lovers, wolfman feat. pete doherty",4.059,5.099,6.628,"she bangs the drums, the stone roses",6.341,6.662,6.366
2022-07-06 12:23:55,2022-07-06 12:34:01,IP Address,193.117.222.178,100,605,True,2022-07-06 12:34:02,R_3iCN9Xoe019SCxz,,,,,51.4889,-0.2318,anonymous,EN-GB,60fb01feeeed2dfdb9e4a0a9,"I consent, continue to experiment",31,Male,4.44,4.9,4.62,4.4,3.17,3.4,2.84,4.63,3.67,4.3,2.82,2.59,4.52,2.41,5.11,4.46,4.35,7,5.66,1.33,4.92,4.38,2.72,5.885,5.2,3.214,5.369,6.239,5.724,5.082,5.411,5.361,5.166,4.913,1.879,5.631,4.811,4.887,5.31,5.225,5.082,5.411,2.606,5.699,4.668,5.969,5.158,5.369,4.862,5.859,5.099,2.293,5.2,4.845,7,5.961,4.794,2.352,4.701,2.766,4.575,5.361,5.268,5.606,4.532,5.056,5.369,5.732,4.617,2.842,4.727,4.921,4.575,4.668,3.324,5.192,5.301,4.482,5.242,5.614,5.715,5.327,5.673,5.327,4.549,4.997,5.006,5.597,4.313,4.803,4.6,5.935,4.727,2.039,3.628,5.369,3.349,4.879,4.997,2.741,3.239,3.442,5.073,2.268,4.811,2.893,3.848,3.138,3.679,5.234,4.701,2.868,4.651,1.718,3.341,5.673,2.851,5.631,4.913,2.259,5.513,4.87,3.307,5.31,4.625,4.549,5.2,5.487,5.048,5.073,4.921,2.259,3.155,2.758,3.459,https://www.youtube.com/watch?v=EK5Ua8qOLuo,6.442,6.231,5.124,https://www.youtube.com/watch?v=lFcSrYw-ARY,5.411,4.625,4.575,https://www.youtube.com/watch?v=xkEKJV1FSiw,5.589,4.845,5.394,https://www.youtube.com/watch?v=AkBLnEqmkqU,3.18,2.183,1.769,https://www.youtube.com/watch?v=hF7BkvLJwqg,4.786,5.048,4.304,https://www.youtube.com/watch?v=-QKj62RKBrM,4.651,5.014,5.775,https://www.youtube.com/watch?v=K44j-sb1SRY,4.811,4.879,5.259
2022-07-06 12:17:11,2022-07-06 12:34:21,IP Address,86.5.128.185,100,1030,True,2022-07-06 12:34:22,R_2txtZfHPDa9jF1Q,,,,,54.5746,-1.1927,anonymous,EN-GB,5db03383d00dbb001619b598,"I consent, continue to experiment",27,Female,5.86,2.5,5.74,3.12,1.13,4.6,4.56,4.17,2.39,2.94,1.67,3.18,4.07,4.69,2.03,4.3,5.01,4.95,4.79,1.19,4.96,4.95,3.92,2.555,2.487,3.324,2.386,2.648,2.58,2.606,2.546,2.868,3.087,2.58,2.893,5.428,4.541,4.718,5.073,5.318,2.961,3.552,3.045,5.901,4.668,2.986,3.273,4.575,3.73,4.363,4.059,2.487,2.648,3.485,2.69,4.583,4.152,2.344,3.07,5.437,5.132,4.625,4.946,3.417,3.324,3.679,3.231,3.29,3.51,3.4,2.437,3.823,3.113,2.259,3.113,4.608,4.549,4.144,4.059,3.408,2.8,3.434,2.521,3.4,2.58,3.349,2.969,5.868,4.313,4.059,4.346,2.58,2.775,2.031,2.192,5.31,4.955,4.6,5.462,5.217,4.752,4.473,4.98,3.02,3.544,4.997,4.93,3.358,2.851,3.028,2.479,3.586,4.558,4.566,4.059,5.31,4.701,4.304,4.93,2.369,2.994,3.062,2.656,5.065,4.515,3.493,4.017,4.693,5.623,5.344,5.513,4.938,4.482,4.389,4.059,https://www.youtube.com/watch?v=QYsQcIMPOnQ,5.589,5.952,6.037,https://www.youtube.com/watch?v=oFB4NMLSz9c,3.392,5.445,5.893,https://www.youtube.com/watch?v=g3hBYTkI-sE,5.149,5.538,5.859,https://www.youtube.com/watch?v=ELKbtFljucQ&list=RDELKbtFljucQ&start_radio=1,3.476,3.992,6.231,https://www.youtube.com/watch?v=_DLo54YDNek,5.614,5.623,5.546,https://www.youtube.com/watch?v=qU9mHegkTc4,3.468,5.039,6.07,https://www.youtube.com/watch?v=EgBJmlPo8Xw,4.913,5.006,6.256
2022-07-06 12:19:17,2022-07-06 12:39:29,IP Address,86.128.232.132,100,1212,True,2022-07-06 12:39:30,R_byIwscBXc6H9lsZ,,,,,55.5626,-4.5028,anonymous,EN-GB,62a1d8a912b04419efd7d02c,"I consent, continue to experiment",42,Male,5.02,2.14,3.79,4.07,1.03,6.92,1.33,4.92,1.08,1.03,4.25,,1.01,1.04,1.03,1.01,1.04,4.6,2.28,1.01,4.74,5.89,5.93,1.904,1.085,1.27,1.448,2.682,5.352,4.237,5.808,2.166,1.617,4.727,2.851,5.285,5.082,5.115,5.115,6.113,5.631,1.439,2.8,6.02,5.251,2.268,3.011,1.346,6.248,6.079,5.961,1.972,2.006,5.927,5.825,2.749,5.986,5.673,4.98,5.132,5.2,5.073,5.124,2.361,2.293,2.225,5.031,4.465,5.944,5.462,5.437,2.994,3.037,5.208,4.913,2.454,5.766,5.758,5.825,6.518,1.921,1.625,2.293,1.921,1.532,5.614,5.47,5.927,5.961,5.842,3.214,4.279,2.208,1,1,3.07,2.986,3.02,5.217,5.2,5.234,5.301,5.318,2.766,3.003,3.079,1.769,2.775,5.048,5.335,5.369,2.868,2.682,1.761,4.862,5.132,5.107,1.98,4.761,3.611,1,1,1.972,6.104,5.065,1.211,2.394,3.239,3.468,4.397,2.099,5.031,4.955,3.485,3.341,You make me feel - Sylvester,5.496,5.496,4.592,Prophecies - Philip Glass,1.913,2.318,5.42,I can't go for that - Hall & Oates,2.817,2.969,1.777,Asleep - The Smiths,2.606,2.352,5.817,Somethin' Here - Terrance Parker,6.138,6.02,3.028,Music sounds better with you - Stardust,5.986,5.91,4.989,Only love can break your Heart - Saint Etienne,5.462,5.445,1.617
2022-07-06 12:27:05,2022-07-06 12:41:43,IP Address,82.37.85.215,100,878,True,2022-07-06 12:41:44,R_cTihy2H5ZGSXgxX,,,,,53.45,-2.7833,anonymous,EN-GB,627811e51f9b21dddd66297c,"I consent, continue to experiment",28,Female,7,3.99,3.99,1.92,4.46,7,5.59,1.25,1.17,5.8,4.03,1.54,1.81,1.84,1.28,5.01,4.9,7,6.54,1,6.17,4.68,1,1.448,2.225,5.023,4.017,2.749,3.037,3.831,1.372,1.921,3.028,3.899,1,5.901,5.53,5.521,6.544,5.69,2.944,4.879,3.299,6.78,5.53,4.963,6.772,1.313,3.104,4.49,1,2.175,4.008,3.797,1.549,2.715,3.501,3.899,2.285,6.501,5.69,5.842,7,1.423,2.09,2.876,1,1.769,3.003,3.146,1,3.966,3.155,3.104,2.073,3.096,2.546,4.693,2.885,5.538,4.566,4.304,6.434,1.879,2.935,3.079,1.22,6.603,5.893,5.665,6.78,6.527,5.175,5.572,5.707,4.879,5.056,3.966,4.93,5.707,4.837,5.115,6.265,4.642,5.572,5.344,6.949,2.665,3.561,3.696,1.566,2.656,4.22,3.375,2.521,5.048,4.439,4.642,5.377,2.369,2.268,3.67,3.366,5.192,3.037,4.076,4.592,5.048,5.225,4.98,7,4.634,4.668,5.251,6.239,https://www.youtube.com/watch?v=yQBImEeXNZ4,5.775,7,6.62,https://www.youtube.com/watch?v=-oCPAO3bp4Q,2.969,7,5.614,https://www.youtube.com/watch?v=VHSmO_72Uro,5.048,6.662,6.552,https://www.youtube.com/watch?v=T7t38uDUg5E,1.955,6.037,6.104,https://www.youtube.com/watch?v=kwrYDTHKxiE,6.096,7,6.214,https://www.youtube.com/watch?v=oUFJJNQGwhk,2.977,6.654,6.704,https://www.youtube.com/watch?v=kKpctBHTOGU,6.349,6.087,6.628
2022-07-06 12:27:58,2022-07-06 12:44:19,IP Address,90.247.150.111,100,981,True,2022-07-06 12:44:20,R_1HoPteYUDOyxRdF,,,,,55.8892,-4.2351,anonymous,EN-GB,629dd4199343d7710fcdb39c,"I consent, continue to experiment",29,Male,6.13,1.93,4.95,6.14,2.99,5.01,1.9,6.26,3.05,6.74,3.04,5.16,4.07,6.63,3.12,4.68,6.01,4.87,3.39,4.43,7,3.42,4.6,1.406,5.175,6.07,5.225,2.242,5.614,5.065,6.062,2.842,5.403,5.394,5.851,5.31,3.206,2.369,3.079,6.4,5.242,5.749,5.994,6.594,1.93,1.228,1.862,1.372,5.792,5.445,5.834,1.346,5.792,5.901,6.206,3.037,4.87,1.752,4.346,6.028,2.048,3.087,1.532,2.454,4.575,5.648,6.07,2.403,4.659,4.575,5.437,3.231,4.042,2.944,5.023,2.023,4.989,2.065,5.141,6.721,6.189,6.442,6.451,1.93,5.082,5.504,6.113,6.628,4.541,1.33,3.29,6.67,6.146,6.569,5.318,5.504,5.538,6.104,5.834,4.668,4.439,4.059,3.307,2.023,3.045,1.659,3.037,2.724,5.47,4.837,5.893,1.439,4.634,6.07,6.011,4.82,5.031,4.38,5.8,1.296,4.87,6.054,5.158,5.944,5.893,5.876,5.335,1.127,4.059,1.228,3.096,4.059,3.594,1.575,3.307,https://www.youtube.com/watch?v=KR5pPlE4rqc,6.02,6.552,5.986,https://www.youtube.com/watch?v=mk5Dwg5zm2U,5.031,5.521,5.961,https://www.youtube.com/watch?v=Y7JG63IuaWs,3.501,6.493,7,https://www.youtube.com/watch?v=Y7JG63IuaWs,3.4,4.693,6.992,https://www.youtube.com/watch?v=ZkW-K5RQdzo,6.594,6.434,7,https://www.youtube.com/watch?v=Y7JG63IuaWs,5.825,5.876,7,https://www.youtube.com/watch?v=-jvUFIVdR-Y,6.358,6.603,6.451
2022-07-06 12:27:17,2022-07-06 12:44:41,IP Address,90.205.194.244,100,1044,True,2022-07-06 12:44:41,R_0jNhXBBmskiFSdH,,,,,54.5554,-1.5151,anonymous,EN-GB,6074306de42e484f0f55a212,"I consent, continue to experiment",48,Female,5.12,5.12,5.75,5.8,5.9,4.56,6.41,3.62,5.72,3.32,4.15,4.68,4.48,6.22,2.93,6.26,3.54,3.45,4.47,4.56,5,3.47,5.48,1.963,2.758,5.048,4.617,3.324,2.673,4.27,4.659,2.023,2.327,6.146,6.223,4.507,4.499,3.485,3.434,4.135,3.789,3.637,3.07,6.417,5.107,4.406,4.744,2.006,3.527,6.054,6.087,2.665,4.254,6.4,6.417,3.003,4.372,5.031,4.203,4.82,4.566,3.273,3.256,2.901,3.713,5.217,5.496,2.47,3.383,3.383,4.33,4.786,4.583,4.313,4.71,3.873,4.558,5.014,5.056,4.49,4.397,4.676,4.862,1.896,4.237,6.476,6.459,6.797,6.544,4.769,5.115,5.665,5.006,3.67,5.132,4.194,3.67,1.82,4.279,5.099,5.073,3.07,3.155,3.679,4.642,5.876,6.104,4.794,4.963,4.397,5.141,1.963,3.755,5.876,6.13,5.073,5.056,2.724,3.239,3.408,3.603,5.175,5.217,6.028,5.073,4.549,4.583,3.256,4.423,5.673,6.087,4.676,3.907,2.986,4.321,dreaming of you coral,6.358,6.18,6.307,"woman in love barbara streisand ",2.961,4.161,6.13,dancing queen Abba,6.113,6.07,5.115,"sail away david gray ",3.037,3.763,5.792,wake up boo radleys,6.738,6.696,6.425,what am i doing hanging round the monkeys,6.028,4.499,6.13,belter gerry cinnamon,6.434,6.096,6.13
2022-07-06 12:28:32,2022-07-06 12:46:45,IP Address,81.2.182.245,100,1092,True,2022-07-06 12:46:45,R_DHrqbW7sKi8aSpH,,,,,51.9367,-0.51,anonymous,EN-GB,59a879490acd5600012ebe87,"I consent, continue to experiment",31,Female,4.07,4.07,3.15,2.05,4.72,5.71,3.46,3.75,4.57,1,3.33,3.42,4.57,4.43,1.52,6.43,3.27,6.89,7,1,1,6.15,6.72,1.769,5.192,4.059,5.115,2.006,3.113,5.285,3.037,2.065,4.008,5.454,4.059,6.501,6.425,6.552,6.645,6.248,1.389,6.518,1.008,6.037,6.079,5.462,5.665,2.023,2.445,4.921,2.394,1.913,2.403,5.301,2.403,1.98,2.115,2.183,2.876,7,7,7,7,2.031,2.056,5.454,2.149,1.761,1.896,2.741,2.589,2.977,4.059,5.158,5.048,3.096,4.059,5.192,4.989,5.741,1.203,6.62,1.008,1.87,3.087,4.98,2.961,7,6.248,6.535,6.037,5.124,1.887,6.054,1.008,5.361,5.124,5.403,5.006,6.062,6.383,6.375,6.468,2.893,4.059,5.394,4.989,1.676,1.845,1.761,1.803,1.972,4.059,5.073,3.037,5.09,5.048,5.428,5.842,2.327,4.837,4.811,4.989,5.479,5.014,5.377,5.546,1.617,1.938,1.913,2.893,5.124,4.98,6.054,5.631,becky hill - aftergow,7,7,7,george ezr - green green grass,4.685,6.527,6.983,ed sheeran - bad habits,6.501,6.231,6.949,sam ryder - spaceman,5.521,6.417,6.561,alicia keys - this girl is on fire,7,7,7,beyonce - break my soul,5.073,7,7,junior andre - slide,6.679,6.983,6.544
2022-07-06 12:25:27,2022-07-06 12:47:49,IP Address,149.86.57.140,100,1342,True,2022-07-06 12:47:49,R_1pG5WDRdjZJ07p9,,,,,51.5026,-0.066,anonymous,EN-GB,5e9edad6e7784d016ed87b36,"I consent, continue to experiment",44,Male,5.08,4.05,4.06,5.05,2.54,6.35,5.2,5.44,3.27,2.5,2.85,3.3,4.96,5.59,5.02,6.32,3.33,4.93,4.79,1.83,5.25,5.37,5.88,4.777,5.377,5.082,5.808,5.023,5.369,5.234,5.183,3.628,5.099,5.192,5.335,5.639,4.685,4.634,3.594,5.792,3.324,5.369,1.972,5.589,3.375,5.107,2.293,3.637,5.065,5.208,5.403,3.011,5.124,4.676,5.758,4.465,4.845,4.668,4.465,5.487,4.87,4.963,4.558,4.659,4.625,4.769,5.344,5.056,4.879,4.735,4.803,4.608,4.71,4.541,4.406,4.701,5.023,4.904,5.251,5.158,4.82,5.09,4.465,3.552,3.087,5.42,5.149,5.724,5.124,5.479,5.149,4.811,2.969,4.921,2.614,5.234,4.727,5.327,5.386,5.183,4.727,5.132,4.49,3.468,5.251,5.09,5.107,3.687,5.039,5.056,5.293,3.696,4.938,4.955,4.904,5.099,4.803,5.048,5.09,4.82,5.293,5.361,5.276,5.335,3.679,5.386,2.859,4.414,4.997,5.301,5.225,4.769,3.662,4.887,2.437,https://www.youtube.com/watch?v=Hvlv5qrhDUM,5.808,5.927,6.679,https://www.youtube.com/watch?v=a0OHkWX7B-E,4.068,5.504,5.377,https://www.youtube.com/watch?v=Qi_AMK-ypZY,5.403,5.876,5.893,https://www.youtube.com/watch?v=2Ds5B9jzk1A,5.217,5.479,5.834,https://www.youtube.com/watch?v=RZ0hqX_92zI,5.707,6.054,6.375,https://www.youtube.com/watch?v=NvESV234lg0,5.665,6.003,6.256,https://www.youtube.com/watch?v=g_uoH6hJilc,5.192,5.403,5.631
2022-07-06 12:28:05,2022-07-06 12:49:01,IP Address,81.141.158.89,100,1255,True,2022-07-06 12:49:01,R_1ithrWZ2iXnB5VD,,,,,53.6132,-2.607,anonymous,EN-GB,5e5a4840b07a782433c97bd5,"I consent, continue to experiment",20,Male,5.91,3.98,2.77,4.53,1.26,7,1.35,4.39,1,4.99,4.51,5.72,4,4.18,4.14,2.19,4.48,5.4,2.67,1,6.18,4.55,6.91,3.62,4.439,3.451,2.639,2.31,3.992,1,4.414,4.49,5.335,5.994,5.977,5.217,5.563,4.338,5.2,6.611,4.363,5.166,4.118,6.087,4.363,5.208,4.203,3.332,4.989,5.563,6.113,1.693,4,1,3.113,4.617,5.504,6.087,6.011,4.955,3.417,5.707,3.425,3.079,4.473,4.811,5.707,3.358,4.735,1.921,5.445,1.98,4.972,3.315,5.234,2.851,3.713,4.507,5.141,5.47,2.31,5.031,3.679,3.603,2.327,3.315,3.223,7,4.963,6.831,4.6,4.583,2.961,3.493,2.606,3.594,4.059,1,3.518,5.715,5.175,3.045,5.115,1.49,5.268,5.048,4.524,1.904,4.693,1.879,4.727,3.493,4.541,4.27,4.625,3.755,4.008,1,2.386,1.955,5.656,5.158,5.606,6.383,4.423,4.727,2.479,2.606,5.166,4.659,4.972,6.18,3.561,5.344,1.566,https://youtu.be/66R9F514ze0,4.837,4.558,4.499,https://youtu.be/HUYLpGRML0s,3.594,5.842,3.62,https://youtu.be/X7qFf6jF5WQ,5.082,4.279,5.217,https://youtu.be/CWxDq_W85ZQ,5.386,4.025,1,https://youtu.be/OFCxJGW0Ff0,7,4.397,3.789,https://youtu.be/2NsyTloPqJc,4.625,4.237,1.592,https://youtu.be/HK1s6b3voQw,6.324,5.454,5.859
2022-07-06 12:27:26,2022-07-06 12:51:40,IP Address,109.150.151.243,100,1454,True,2022-07-06 12:51:41,R_cAZHTPt6IVe02bf,,,,,52.0435,1.1842,anonymous,EN-GB,60886f033e4f5c214da0c898,"I consent, continue to experiment",46,Female,4.96,4.07,5.01,5.81,5.86,4.23,4.27,3.57,5.5,2.9,4.33,3.71,5.66,6.15,4.72,6.12,3.28,3.56,4.47,6.25,2.97,5.19,5.02,2.961,5.546,5.048,6.054,2.994,3.028,5.006,2.944,2.944,4.98,2.977,5.58,6.028,3.028,4.862,2.893,6.096,1.042,6.062,1,6.062,1.034,5.082,1,2.901,4.997,4.059,5.639,1.946,6.045,2.986,7,4.059,6.037,4.946,6.02,6.028,3.003,3.045,2.986,5.039,5.056,4.059,6.054,2.918,5.006,3.949,2.994,4.98,5.014,4.017,4.98,4.811,2.986,5.039,2.961,5.775,2.259,4.946,1.668,3.011,5.039,5.056,4.997,6.079,3.079,5.893,2.935,6.011,2.994,4.059,2.961,6.13,5.048,4.059,3.662,6.054,2.014,5.056,2.58,1.913,6.189,5.944,7,3.045,4.997,4.059,5.014,1.913,5.986,5.065,6.569,5.834,2.741,5.031,1.913,3.13,5.293,5.073,6.028,6.07,5.039,4.034,3.577,3.07,5.023,4.938,5.555,4.98,5.006,4.059,4.059,https://www.youtube.com/watch?v=K0ibBPhiaG0,6.113,6.121,5.056,https://www.google.com/search?q=aled+jones+no+frontiers&rlz=1C1CHBF_en-GBGB934GB934&ei=p3XFYtPqBIeKgAaalpjoBA&ved=0ahUKEwiT2vLzl-T4AhUHBcAKHRoLBk0Q4dUDCBk&uact=5&oq=aled+jones+no+frontiers&gs_lcp=Cgdnd3Mtd2l6EAMyBQghEKABMgUIIRCgAToHCCEQChCgAToECCEQFToGCAAQHhAWOgoIABCRAhBGEPsBOgUILhCABDoICAAQHhAPEBY6CggAEIAEEEYQ-wE6BQguEJECOgUIABCRAjoFCAAQgAQ6CwguEIAEELEDEIMBOggILhDUAhCRAjoICAAQHhAWEAo6CAghEB4QFhAdOgQIIRAKSgQIQRgBSgQIRhgAULsGWMxCYMxEaAlwAHgBgAF2iAGyFZIBBDM3LjOYAQCgAQHAAQE&sclient=gws-wiz,4.059,6.13,6.958,https://www.youtube.com/watch?v=1ZYbU82GVz4,1.938,6.011,5.09,https://www.youtube.com/watch?v=h3JFEfdK_Ls,5.09,6.104,7,https://www.youtube.com/watch?v=AJWtLf4-WWs,6.975,6.054,6.121,https://www.youtube.com/watch?v=e80qhyovOnA,6.037,6.138,5.031,https://www.youtube.com/watch?v=sIaT8Jl2zpI,4.059,6.958,7
2022-07-06 12:27:57,2022-07-06 12:53:44,IP Address,82.15.4.20,100,1547,True,2022-07-06 12:53:45,R_3kaZtEZGF8jovTJ,,,,,52.894,-1.4236,anonymous,EN-GB,62abb1afcd1bb1a819c90a0c,"I consent, continue to experiment",36,Male,5.1,,7,3.05,6.16,4.26,6.15,4.9,5.99,3.38,4.59,4.76,2.71,7,2.74,3.19,3.27,3.33,6.27,3.64,3.71,6.47,1.96,1.913,7,7,7,2.208,6.138,6.121,6.096,1.008,7,7,7,6.121,6.07,2.005,1.921,7,7,2.039,1.008,6.146,6.18,6.121,6.062,1.887,6.172,6.18,6.983,1.938,6.062,6.011,6.079,7,7,7,5.141,7,6.163,6.037,2.065,7,7,7,7,1.913,6.983,7,7,6.129,7,7,7,7,7,7,7,7,6.138,6.062,4.017,1.896,5.073,6.129,6.104,6.991,6.991,6.104,5.124,7,7,6.983,7,6.163,6.163,6.087,6.079,7,7,6.087,3.02,7,7,6.991,6.975,1.963,6.941,6.958,5.132,6.146,6.197,5.073,5.065,6.983,7,7,5.039,7,6.932,7,6.991,7,6.155,5.065,2.09,2.994,6.155,6.062,6.062,6.991,6.18,5.022,6.138,"Michael Jackson, Liberian Girl",7,6.991,7,"Abba Greatest Hit, Que Sera Sera",7,7,7,"Westlife, Solidad",6.975,7,6.087,"Bruno Mars, Just the way you are.",6.975,6.983,6.975,"Bruno mars, treasure",7,7,7,"Bruno Mars, Marry You",7,7,7,"Michael Learns to Rock, Sleeping Child",7,6.991,7
2022-07-06 12:25:55,2022-07-06 12:55:42,IP Address,94.174.30.133,100,1787,True,2022-07-06 12:55:42,R_1GxkRsuAoKwrMNW,,,,,52.455,-1.8641,anonymous,EN-GB,610a879e6500d1d653b3da54,"I consent, continue to experiment",54,Male,4.14,5.27,6.06,5.15,5.51,5.74,3.63,4.67,3.38,3.67,3.91,4.62,4.3,3.85,3.51,6.9,5.28,4.81,5.23,3.45,5.73,4.7,5.57,4.296,3.721,4.321,2.986,4.397,5.352,5.048,5.369,2.656,4.482,4.634,4.254,5.344,1.921,5.217,1.735,5.065,2.158,4.904,1.938,6.746,6.146,5.394,6.67,4.203,3.789,4.524,3.392,2.58,6.087,4.82,6.062,4.49,6.037,5.056,6.451,5.149,3.603,4.837,2.673,3.679,4.034,4.761,3.78,3.485,6.028,4.955,6.535,4.575,5.023,4.727,5.386,3.51,4.313,3.518,5.2,5.614,3.518,4.989,2.91,2.842,5.192,5.056,4.997,6.915,6.155,4.972,6.07,5.42,3.282,4.913,2.851,5.056,3.823,4.566,3.366,4.735,3.282,5.208,1.617,4.439,4.152,3.603,4.093,4.22,5.031,4.279,5.056,1.989,5.107,4.406,5.082,5.606,2.166,5.834,1.541,3.113,3.662,3.577,2.623,6.645,5.961,5.082,5.437,3.138,3.501,4.296,4.414,4.389,3.611,4.583,2.986,https://www.youtube.com/watch?v=QQ84s2uzZ1w,3.611,6.079,5.428,Bee Gees how can you mend a broken heart,3.375,5.403,6.493,candy Paolo Nutini,5.47,5.614,5.631,Lovely Day Bill Withers,5.048,7,6.096,Haddaway What is love,6.713,6.163,5.699,Glen Campbell Wichita Lineman,4.482,6.611,6.425,"Hit me with your rhythm stick Ian Dury ",6.51,6.501,5.766
2022-07-06 12:29:28,2022-07-06 12:56:59,IP Address,81.132.69.8,100,1650,True,2022-07-06 12:56:59,R_O6GG9UVPSB6HrMd,,,,,52.1359,-2.2117,anonymous,EN-GB,5d0a55583fe972001ad92dfd,"I consent, continue to experiment",41,Male,4.4,1.95,1.97,5.17,4.05,4.16,3.54,4.01,4.27,6.77,4.03,1.22,4.14,5.5,5.23,5.24,6.31,4.33,4.33,4.15,7,4.32,4.42,3.299,4.008,3.231,4.034,4.042,4.262,2.58,4.008,2.631,4,3.645,4.507,6.079,5.977,5.496,5.589,6.417,6.442,5.437,5.876,6.383,5.901,3.89,4.194,2.817,5.631,5.834,5.758,3.983,4.608,4.262,5.47,3.569,5.53,4.423,4.93,4.076,4.634,4.287,4.651,3.155,3.146,4.161,4.338,4.085,4.008,3.425,3.941,4.008,4.025,2.935,4.008,4.499,4.507,3.4,4.439,6.856,6.958,7,7,3.983,4.49,3.78,4.617,5.868,5.825,3.89,4.921,6.552,6.206,6.586,6.561,5.082,5.099,3.839,4.735,6.408,5.428,5.225,5.715,3.045,5.259,5.039,5.369,4.423,4.507,4.076,3.941,2.952,5.014,4.82,5.944,4.549,4.059,4.085,4.203,2.648,3.975,3.18,3.966,5.842,5.411,4.38,4.794,3.011,4.313,4.034,5.124,4.346,4.22,3.713,4.008,https://www.youtube.com/watch?v=DGDyAb6pePo,6.654,6.654,5.969,https://www.youtube.com/watch?v=fwSNMibfaRg,2.318,5.656,5.732,https://www.youtube.com/watch?v=sGI2Tdj04QI,5.8,5.834,6.163,https://www.youtube.com/watch?v=sNNYtm2XJGc,4.11,5.563,5.597,https://www.youtube.com/watch?v=WpKbterAej4,6.501,6.552,6.645,https://www.youtube.com/watch?v=HdWw9SksiwQ,5.225,5.639,6.645,https://www.youtube.com/watch?v=CD-E-LDc384,5.707,6.603,6.882
2022-07-06 12:28:04,2022-07-06 13:04:14,IP Address,86.172.186.75,100,2169,True,2022-07-06 13:04:15,R_3gYJRNO2LCJJxdt,,,,,53.6537,-1.7208,anonymous,EN-GB,5cb6f38ffdc7fa0013f809a3,"I consent, continue to experiment",66,Male,,4.68,5.37,6.43,3.97,3.21,6.46,2.48,2.22,4.34,4.06,3.31,4.02,4,6.32,4.88,4.45,2.8,4.35,1.63,6.18,1.83,5.04,2.454,4.769,4.33,2.496,2.868,4.203,2.428,3.079,3.054,3.4,2.656,3.248,5.208,5.2,4.777,4.6,5.699,5.656,5.192,5.572,6.02,1.304,5.521,1,2.969,4.093,2.47,3.434,3.569,5.623,4.777,5.606,4.6,3.662,2.707,4.194,5.006,2.893,3.155,2.656,4.22,4.33,3.594,4.22,3.332,4.296,2.487,3.594,5.099,4.33,2.783,2.766,2.707,4.389,2.318,2.394,5.259,5.242,4.127,4.896,4.355,5.031,4.938,5.859,5.766,1.499,5.217,1,5.107,5.09,4.346,4.423,4.439,2.065,2.825,1.49,4.946,4.6,4.279,4.456,4.439,4.363,3.763,4.423,4.71,4.431,3.501,4.313,3.324,5.411,4.397,4.862,4.997,4.938,4.237,4.363,2.445,2.977,2.031,2.115,5.758,5.208,4.397,5.901,4.262,4.608,3.341,4.71,4.423,3.315,4.532,3.028,https://www.youtube.com/watch?v=G3dFpQzu54w,6.29,6.07,5.732,https://www.youtube.com/watch?v=db1IchkKpLw,4.566,6.011,5.91,https://www.youtube.com/watch?v=txsvlkAKm4k,5.614,5.623,5.47,https://www.youtube.com/watch?v=TR1zzv9zIO8,5.411,5.538,6.459,https://www.youtube.com/watch?v=ObL3L6MRvN4,5.454,6.037,5.513,https://www.youtube.com/watch?v=tRcPA7Fzebw,5.065,6.054,5.944,https://www.youtube.com/watch?v=ldXdnZtTWp8,5.437,6.13,5.977
2022-07-06 12:26:33,2022-07-06 13:05:35,IP Address,81.156.146.255,100,2341,True,2022-07-06 13:05:35,R_3NwXofdUIB5kCmi,,,,,50.9929,-4.1957,anonymous,EN-GB,6078421a82b88488a16a2b1f,"I consent, continue to experiment",32,Female,6.9,3.45,4.98,4.76,2.94,5.33,4.9,3.5,4.54,5.39,3.63,4.57,3.81,3.99,2.46,5.31,5.11,6.41,3.75,1,6.59,6.73,3.96,3.054,2.276,2.969,1.11,4.186,4.685,3.265,4.693,3.586,2.918,2.496,2.437,5.648,5.572,4.575,4.634,5.225,2.479,4.27,2.192,6.163,2.065,4.946,1.71,3.172,3.206,2.741,2.623,2.555,3.527,3.544,2.192,3.392,4.144,2.935,2.597,5.377,5.428,4.49,5.732,2.783,3.18,2.192,2.792,4.98,5.073,3.282,4.465,3.104,4.363,2.639,3.366,4.169,4.634,3.628,4.211,5.048,3.392,2.259,2.09,3.155,3.155,2.132,2.124,5.614,4.575,4.448,1.135,5.149,2.885,3.341,2.707,5.124,4.642,2.775,4.287,5.335,5.58,3.155,4.87,2.141,2.225,2.724,2.183,3.637,5.115,2.876,4.592,3.527,4.701,3.239,3.814,4.946,4.963,4.304,4.296,2.09,2.403,3.358,1.33,4.685,2.327,4.321,1.532,2.724,3.332,2.31,2.563,4.566,2.344,4.406,1.685,https://www.youtube.com/watch?v=ZJM4AQSbZDk,6.045,5.8,5.056,https://www.youtube.com/watch?v=bcp2MFfF_xc,4.659,5.58,4.887,https://www.youtube.com/watch?v=eFkAjX0Gz8Y,4.465,5.732,2.479,https://www.youtube.com/watch?v=2RfgkHMH_7A&list=PL5jyahL7x5ObSwcZlmpPOY6Ou9zbQIVmS&index=3,2.158,5.175,6.045,https://www.youtube.com/watch?v=QkF_G-RF66M,6.054,5.851,5.842,https://www.youtube.com/watch?v=wlPtmws131o&list=PLiN-7mukU_RGAt44N7jMkjdyXBu3sUy_d&index=2,5.048,5.614,5.817,https://www.youtube.com/watch?v=T5gKg-OJwFk,5.766,5.783,5.115
2022-07-06 12:29:45,2022-07-06 13:13:46,IP Address,82.69.125.226,100,2641,True,2022-07-06 13:13:46,R_1FlgT6nA9bHvRRe,,,,,51.4746,-0.0924,anonymous,EN-GB,5d374fda6cb61f001936bdc9,"I consent, continue to experiment",47,Male,5.01,4.01,4.45,3.62,4.24,3.33,4.54,4.48,2.67,4.79,6.01,3.82,4.73,6.02,2.15,4.73,5.13,1.85,3.64,1,5.65,4.74,4,2.91,1.921,5.099,2.394,4.541,5.023,5.276,4.541,3.544,2.961,4.617,4.473,5.023,3.62,4.507,3.527,6.518,4.558,4.524,4.566,7,1.625,6.544,1.423,2.986,4.515,4.406,4.473,2.276,4.059,3.485,4.651,3.78,4.625,2.555,4.169,5.023,2.462,4.414,1.921,3.645,4.22,4.727,4.389,3.873,4.879,5.234,5.006,3.662,3.704,4.634,4.287,4.22,4.296,3.375,4.634,6.172,3.366,4.642,4.617,3.332,2.986,4.575,4.152,7,3.392,5.411,1.693,6.544,4.997,5.006,4.854,5.318,4.355,4.761,3.324,5.868,3.476,4.727,3.772,3.611,4.397,4.997,5.259,4.549,5.031,5.039,4.752,2.792,3.603,3.315,4.296,5.293,4.313,4.161,2.546,3.425,1.938,5.124,2.445,6.062,5.031,4.625,4.085,3.882,4.085,3.552,5.065,5.352,3.746,4.321,4.33,https://www.youtube.com/watch?v=hCuMWrfXG4E,6.07,6.062,5.47,https://www.youtube.com/watch?v=xhzJyYeMgA4,3.451,5.504,6.087,https://www.youtube.com/watch?v=ZS0WvzRVByg&list=PL-XU9AXNHYYhunf43XHB7CWDWVRKbHn8_&index=50,5.521,5.487,5.048,https://www.youtube.com/watch?v=pWFKKtvAvak,3.366,2.994,5.614,https://www.youtube.com/watch?v=eOxqJHoqxLo,6.882,6.037,6.062,https://www.youtube.com/watch?v=WM8bTdBs-cw,6.468,3.493,6.07,https://www.youtube.com/watch?v=f2m1lun14Qw,5.521,5.251,5.589
2022-07-06 12:22:19,2022-07-06 13:17:42,IP Address,2.98.164.207,100,3322,True,2022-07-06 13:32:52,R_1JVoymSthBJisOq,,,,,54.8706,-2.946,anonymous,EN-GB,5b36a113fb22f300017f6373,"I consent, continue to experiment",38,Male,4.87,4.07,4.88,6.26,4.07,4.07,4.07,4.07,3.21,2.36,4.07,4.53,4.02,4.07,3.12,4.68,1.07,1.02,4.07,2.66,4.07,4.49,6.82,2.918,3.003,3.231,4.059,5.192,7,7,6.992,4.059,3.113,6.113,6.265,6.096,2.977,4.059,1.017,6.915,4.059,4.989,3.028,7,6.273,6.248,5.183,2.842,4.059,5.158,6.223,4.059,4.059,5.132,5.183,4.93,6.265,6.104,6.146,6.189,4.059,4.904,2.175,3.223,4.059,6.18,6.045,7,7,7,7,5.056,6.273,7,7,5.192,7,5.107,6.983,5.048,3.113,4.693,4.059,4.068,3.189,5.403,5.394,7,5.183,5.251,4.98,7,5.099,5.149,4.904,5.115,3.003,2.952,1.008,6.037,4.059,2.115,1.008,2.048,3.079,4.059,4.059,7,7,7,7,4.059,4.059,6.028,6.096,5.031,2.859,2.944,1.051,3.214,3.256,3.214,3.214,4.963,3.958,2.8,2.082,2.986,4.059,4.059,4.059,5.115,4.059,5.192,5.107,https://www.youtube.com/watch?v=i36tXq7yK6c,7,7,7,https://www.youtube.com/watch?v=I8EEQo57kuo,2.065,4.059,7,https://www.youtube.com/watch?v=u7DOQOB3Y6U,7,7,7,https://www.youtube.com/watch?v=CGwH6rZk7VM,7,7,7,https://www.youtube.com/watch?v=1t8B3Sx8X-0,7,7,7,https://www.youtube.com/watch?v=_CbFAZ2ztlE,7,5.301,6.941,https://www.youtube.com/watch?v=2o_PBYrUNcY,7,7,7
2022-07-07 11:42:20,2022-07-07 11:51:47,IP Address,81.97.133.9,99,567,False,2022-07-11 13:34:56,R_27CKdBok9SvC0dI,,,,,,,anonymous,EN-GB,{{%PROLIFIC_PID%}},"I consent, continue to experiment",25,Trans male,,,,,,,,,,,,,,,,,,,,,,,,3.814,3.755,4.059,4.059,4.059,4.059,4.059,4.059,4.355,4.059,3.899,4.059,3.865,4.068,4.068,4.068,4.059,3.687,4.059,4.059,4.059,4.059,4.059,4.152,3.315,4.059,4.059,4.059,4.059,4.059,4.059,4.059,5.2,5.293,2.986,2.859,3.51,4.059,3.873,3.915,4.059,4.059,4.059,4.068,4.068,4.068,4.068,4.034,4.059,4.059,4.059,4.177,3.527,4.059,4.059,4.059,3.586,4.059,4.059,4.059,4.068,4.161,4.313,3.797,3.873,4.059,4.059,4.194,3.214,3.51,3.603,4.837,3.451,3.721,3.89,4.059,3.839,4.169,4.059,4.101,3.831,4.059,4.059,4.059,4.11,4.211,4.11,4.11,4.439,3.011,3.501,3.611,3.915,4.127,4.059,4.161,4.059,4.059,4.059,4.059,3.425,3.349,3.434,4.456,4.059,4.059,4.059,4.059,4.051,4.059,3.907,4.169,https://www.youtube.com/watch?v=dQw4w9WgXcQ,4.059,4.059,4.059,https://www.youtube.com/watch?v=dQw4w9WgXcQ,3.958,4.059,4.059,https://www.youtube.com/watch?v=dQw4w9WgXcQ,4.059,4.059,4.059,https://www.youtube.com/watch?v=dQw4w9WgXcQ,3.873,4.152,4.161,https://www.youtube.com/watch?v=dQw4w9WgXcQ,3.78,3.882,4.059,https://www.youtube.com/watch?v=dQw4w9WgXcQ,4.059,4.059,4.059,https://www.youtube.com/watch?v=dQw4w9WgXcQ,4.059,4.059,4.262
2022-07-06 12:45:39,2022-07-06 13:04:53,IP Address,188.220.209.12,99,1154,False,2022-07-11 13:37:26,R_2Pqf8bOoJ1spO1W,,,,,,,anonymous,EN-GB,5eac39578621a7067ae955eb,"I consent, continue to experiment",38,Male,5.74,3.92,4.83,3.99,4.57,3.39,4.95,4.11,2.29,4.42,4.73,4.87,3.3,5.06,2.32,6.1,4.88,6.59,4.72,1.25,6.55,5.05,5.25,3.087,2.775,4.245,2.369,3.476,5.141,5.031,5.901,2.09,2.91,3.155,2.039,5.158,4.744,5.2,5.749,5.513,3.417,3.485,4.059,5.901,5.107,5.597,3.797,2.47,2.961,4.659,1.769,2.006,2.149,3.113,1.794,4.423,5.817,5.014,5.58,5.039,3.417,3.493,4.211,2.276,3.51,2.437,2.014,3.485,5.141,5.073,5.665,2.631,5.065,4.854,5.259,2.977,4.887,4.617,5.454,5.496,4.845,4.752,5.192,2.225,4.161,4.262,1.963,5.682,5.107,4.363,3.4,5.361,4.963,4.752,5.614,5.394,5.403,4.972,5.8,5.572,5.606,5.09,6.273,3.451,4.634,3.721,4.414,2.597,4.718,4.718,5.107,1.769,3.408,3.062,2.53,5.479,5.039,4.854,5.868,3.518,3.138,3.755,2.927,5.546,4.82,4.921,4.685,3.552,4.279,4.203,4.524,4.515,3.941,3.865,3.408,https://www.youtube.com/watch?v=rIvEiTrq9kk,6.392,6.628,6.121,https://www.youtube.com/watch?v=YlUKcNNmywk,4.279,5.682,5.056,https://www.youtube.com/watch?v=5qm8PH4xAss,5.918,6.451,5.132,https://www.youtube.com/watch?v=dhZTNgAs4Fc,4.87,4.879,4.558,https://www.youtube.com/watch?v=I7rCNiiNPxA,6.882,6.054,6.493,https://www.youtube.com/watch?v=sNPnbI1arSE,4.744,5.53,5.901,https://www.youtube.com/watch?v=Xbw_BxDwdjk,5.969,5.758,6.138
2022-07-06 12:43:58,2022-07-06 13:02:43,IP Address,92.40.178.2,99,1125,False,2022-07-11 13:37:27,R_1KcHsi5iex4geTO,,,,,,,anonymous,EN-GB,5c81582c4c1a61000155584f,"I consent, continue to experiment",45,Male,4.07,4.07,4.07,4.07,1.01,4.9,1.01,1.01,1.01,4.07,4.07,4.07,4.07,1.01,1.01,5.87,2.52,4.48,3.32,1.03,3.45,4.98,4.07,1.008,4.059,1.008,1.008,1.008,4.059,1.008,1.008,1.008,4.059,1.972,1.913,5.056,4.059,1.98,1.879,6.13,5.149,2.977,1.87,5.944,5.056,5.048,4.059,1.997,4.059,1.008,1.963,1.008,4.059,1.008,1.008,1.008,4.059,1.008,1.008,4.059,4.059,2.927,1.946,1.008,4.059,1.008,2.961,1.963,3.054,1.017,1.008,1.972,4.059,1.034,1.017,1.008,4.059,1.008,1.946,4.059,4.059,1.913,1.879,1.854,4.059,1.034,1.042,5.986,5.166,5.073,5.056,5.115,4.879,1.913,1.963,2.048,2.099,5.115,1.034,5.969,4.059,2.994,1.008,1.025,1.008,6.163,1.008,1.068,4.059,1.008,1,1.921,1.98,1.963,1.008,4.997,1.904,1.913,1.008,1.008,1.955,3.028,1.008,4.938,1.008,7,1.008,1.008,1.008,6.037,1,1.854,2.952,1.017,1.042,https://www.youtube.com/watch?v=04854XqcfCY,6.062,6.113,6.07,https://www.youtube.com/watch?v=AZKcl4-tcuo,4.059,6.037,5.023,https://www.youtube.com/watch?v=O_WLw_0DFQQ,5.994,6.003,5.192,https://www.youtube.com/watch?v=ZWmrfgj0MZI,4.059,6.054,6.062,https://www.youtube.com/watch?v=EX1fTWWq75I,6.13,6.07,5.031,https://www.youtube.com/watch?v=QUB7e3BtnvU,6.028,5.969,5.023,https://www.youtube.com/watch?v=adLGHcj_fmA,5.834,5.006,4.059
2022-07-06 12:32:17,2022-07-06 12:54:23,IP Address,2.124.222.87,99,1326,False,2022-07-11 13:37:30,R_3sbkcL40GkUhRXx,,,,,,,anonymous,EN-GB,5c8651b69a306000016f7c35,"I consent, continue to experiment",47,Male,6.06,5.02,6.02,6.04,4.99,7,6,5.11,4.01,6.13,6.14,5.05,5.03,6.15,5.21,6.27,5.23,4,5.17,5.22,6.21,4,6.1,2.952,3.975,5.099,5.09,3.02,5.031,5.006,5.082,2.961,4.068,5.082,5.031,5.014,1.955,5.039,3.003,6.028,2.961,6.011,3.062,7,5.056,6.079,4.017,2.961,5.048,6.011,5.056,1.854,5.039,6.037,5.023,3.028,3.975,4.059,4.059,5.099,5.048,6.011,5.065,2.944,6.011,5.023,6.079,2.986,5.006,5.082,4.997,2.918,4.059,4.059,3.087,2.944,4.076,5.082,4.059,6.045,3.054,6.028,4.98,1.913,4.059,6.079,5.065,7,5.023,6.113,4.017,6.062,5.023,6.07,5.023,3.079,5.006,4.955,3.966,5.048,4,5.107,2.977,2.994,5.065,7,6.062,3.003,6.054,4.997,4.059,2.961,5.065,6.045,4.98,5.065,2.969,5.048,2.977,2.91,4.059,6.104,5.039,5.031,4.059,5.039,2.969,3.045,5.115,6.121,5.031,4.997,4.034,5.031,5.031,https://www.youtube.com/watch?v=nr1Yqjpdk3A,6.941,6.096,6.848,https://www.youtube.com/watch?v=4uLl8aA95zA,3.02,4.98,7,https://www.youtube.com/watch?v=aOm1_lEAOew,1.887,6.932,6.975,https://www.youtube.com/watch?v=hT_nvWreIhg,6.028,6.079,6.932,https://www.youtube.com/watch?v=THkOCO5mvRc,6.062,6.873,6.823,https://www.youtube.com/watch?v=GemKqzILV4w,3.003,4.042,6.865,https://www.youtube.com/watch?v=wmin5WkOuPw,6.966,4.946,6.983
2022-07-06 12:31:42,2022-07-06 12:42:15,IP Address,86.146.243.193,99,632,False,2022-07-11 13:37:31,R_1q2Ge94qqyKPZEk,,,,,,,anonymous,EN-GB,559bbbdafdf99b7ce19d5b3d,"I consent, continue to experiment",37,Male,6.07,1.49,1.64,1.35,2.27,3.19,2.28,2.6,1.56,5.77,2.03,2.42,1.89,2.46,1.23,2.2,6.35,4.59,4.7,2.21,6.38,3.19,2.37,4.059,5.217,6.054,4.997,2.555,5.014,1.913,4.059,2.352,6.51,5.868,5.039,6.848,5.158,3.273,6.07,6.78,1.828,2.318,2.665,7,2.589,2.048,2.048,2.741,4.685,4.82,4.921,2.724,5.977,5.031,6.062,2.251,4.042,4.118,4.059,6.18,2.623,2.724,2.724,2.825,5.065,4.27,4.389,1.98,4.913,2.208,4.727,2.251,3.18,3.214,3.29,2.513,4.515,4.617,4.49,7,5.825,5.623,5.944,2.893,5.513,5.825,5.344,7,6.425,4.144,6.104,7,5.724,4.98,7,6.949,6.239,2.825,6.299,6.873,6.096,2.952,5.504,5.014,6.239,6.104,6.18,2.69,4.862,1.879,4.059,2.961,5.961,5.234,5.969,6.882,5.766,3.856,5.665,2.682,2.851,2.808,2.623,5.699,5.901,5.124,6.299,2.91,4.718,4.541,5.158,3.704,3.13,2.749,2.749,https://www.youtube.com/watch?v=B2JjUMVGYiU,6.113,6.763,6.746,https://www.youtube.com/watch?v=320yV68ab5c,6.003,6.172,6.375,https://www.youtube.com/watch?v=bsecL9frQIg,3.028,6.307,6.51,https://www.youtube.com/watch?v=d0LeL9BUPtA,5.048,6.408,6.611,https://www.youtube.com/watch?v=UQ-Fb90GBhE,7,6.907,6.848,https://www.youtube.com/watch?v=Gus4dnQuiGk,2.732,6.375,6.552,https://www.youtube.com/watch?v=_D8CvLd76h4,4.38,6.442,6.603
2022-07-06 12:30:41,2022-07-06 12:48:52,IP Address,81.108.169.167,99,1090,False,2022-07-11 13:37:33,R_3s4RME8li5WCsmf,,,,,,,anonymous,EN-GB,6140f89d1e3eb6c838729c12,"I consent, continue to experiment",56,Male,7,2.09,3.51,4.47,2.58,4.54,3.3,2.39,2.02,5.16,1.01,1,1.62,4.89,2.56,6.03,6.96,5.67,4.68,1.14,6.16,3.01,4.69,4.423,4.414,2.454,3.231,3.155,3.223,4.744,1.38,3.315,3.375,3.51,1.575,4,4.439,3.273,5.2,3.324,4.676,4.718,5.039,6.434,5.961,4.6,5.58,4.777,2.994,1.499,1.473,4.693,4.355,3.358,1.575,3.662,2.673,1.651,1.82,4.49,3.763,3.425,5.208,3.586,3.637,3.392,1.921,3.358,2.969,1.608,1.203,3.417,3.155,2.344,1.693,3.73,3.358,1.524,1.608,5.09,4.541,5.386,6.73,2.623,2.944,4.575,3.408,6.273,5.023,4.507,4.414,4.608,4.718,3.442,5.555,4.651,4.431,4.676,5.842,4.389,4.389,4.423,5.192,4.423,4.397,1.524,1,6.113,6.113,4.397,5.301,2.994,1.93,3.248,3.358,4.33,5.2,4.583,6.265,3.586,3.29,2.952,1.093,3.975,1.769,1,1,3.518,4,2.115,1.634,3.586,2.859,1.372,1.879,"Wet leg. Chaise longue ",4.414,4.769,4.617,Bob Marley three little birds,4.448,4.465,4.87,Ash 1977,4.558,4.786,5.546,Sisters of mercy. Marian,4.642,4.87,6.07,Idles  model village,5.327,5.369,6.417,Arctic monkeys. Do I wanna know,4.651,5.175,5.682,Kate bush. Wuthering heights,4.566,4.938,5.361
2022-07-06 12:30:32,2022-07-06 12:59:10,IP Address,143.159.52.170,99,1717,False,2022-07-11 13:37:33,R_1LiKFocyccgDvHy,,,,,,,anonymous,EN-GB,57fa6c8b07d709000141ad46,"I consent, continue to experiment",51,Male,4.84,2.24,2.22,4.7,2.17,6.89,1.57,6.36,1.06,5.72,4.64,4.62,4.77,1.61,3.24,5.07,4.45,4.36,4.79,1,5.32,4.95,5.2,2.487,3.594,2.724,1.887,2.817,4.938,2.868,5.141,3.721,4.034,4.389,2.58,4.482,2.606,4.169,2.673,5.411,3.282,4.794,2.132,5.952,4.338,4.972,3.299,3.341,4.059,3.611,2.217,3.704,4.887,3.662,4.854,3.915,3.256,4.034,2.056,4.659,2.732,2.885,1.727,2.901,3.814,3.146,2.124,4.135,5.268,4.059,5.335,2.868,4.068,3.746,2.876,4.313,5.141,4.541,5.234,4.727,2.563,3.637,1.913,3.746,4.837,4.346,4.651,5.935,5.285,5.318,4.879,5.344,3.054,3.594,1.896,3.265,2.732,3.121,2.175,4.068,2.961,2.986,1.972,2.251,4.059,2.039,2.023,3.865,5.208,4.262,5.428,2.496,5.208,4.761,5.386,2.682,2.952,2.031,2.006,3.003,3.823,3.442,2.437,4.423,3.138,1.879,1.211,2.47,4.059,2.175,2.276,4.693,3.637,2.293,2.631,https://www.youtube.com/watch?v=x7iYfyfLAOk,5.124,6.299,6.028,https://www.youtube.com/watch?v=HNX_l8QdWhs,3.594,6.028,5.521,https://www.youtube.com/watch?v=ySo-HSdSxYc&list=RDySo-HSdSxYc&start_radio=1,5.699,6.349,6.189,https://www.youtube.com/watch?v=ZNAqwJ7pXmY,4.668,6.299,6.113,https://www.youtube.com/watch?v=_6mHcgm5MhM&list=RD0q0Es8JrlOA&index=2,6.037,6.324,5.994,https://www.youtube.com/watch?v=XexJW54yQXY,5.369,6.189,5.969,https://www.youtube.com/watch?v=9LD3NKlS55g,4.955,5.876,6.468
2022-07-06 12:30:12,2022-07-06 12:30:25,IP Address,86.146.243.193,3,13,False,2022-07-11 13:37:34,R_1jOi7PfBAKTswoY,,,,,,,anonymous,EN-GB,559bbbdafdf99b7ce19d5b3d,"I consent, continue to experiment",37,Male,,,,,,,,,,,,,,,,,,,,,,,,,,,,,,,,,,,,,,,,,,,,,,,,,,,,,,,,,,,,,,,,,,,,,,,,,,,,,,,,,,,,,,,,,,,,,,,,,,,,,,,,,,,,,,,,,,,,,,,,,,,,,,,,,,,,,,,,,,,,,,,,,,,,,,,,,,,,,,,,,,,
2022-07-06 12:29:32,2022-07-06 12:43:28,IP Address,31.51.56.197,99,835,False,2022-07-11 13:37:35,R_2CBSxIz8Deeebnq,,,,,,,anonymous,EN-GB,60cce9e5db3f76eabb186870,"I consent, continue to experiment",20,Male,4.83,4.03,6.21,5.88,4.71,3.05,4.15,5.37,4.25,7,3.23,2.26,4.07,3.85,3.56,1.57,6,4.88,4.38,1,7,3.47,,2.023,2.825,1.279,1.448,2.538,4.211,4.515,4.642,2.741,5.285,5.259,4.98,3.155,2.521,1.017,2.842,6.679,6.73,3.054,7,6.4,4.837,1.735,2.859,3.451,5.023,5.597,6.163,4.921,3.045,3.214,2.454,2.994,5.065,3.248,4.718,5.023,2.344,1,3.603,4.668,5.834,5.411,5.758,3.214,1.803,1.549,2.268,2.546,2.073,1.634,1.406,4.904,5.141,1.879,4.972,4.777,4.921,2.91,6.594,4.287,3.527,3.358,4.473,6.197,4.972,1.6,4.397,5.817,5.665,3.425,6.138,4.346,4.558,1.051,4.211,3.366,4.228,1.49,2.487,3.518,2.555,4.515,4.313,4.997,4.608,1.718,4.33,2.115,4.651,2.741,4.38,3.13,3.493,1.025,2.445,2.386,1.642,1.372,1.211,4.642,5.056,1.87,5.09,2.927,2.589,4.38,3.29,2.276,2.437,3.265,2.056,https://www.youtube.com/watch?v=c967usVxYq0,6.079,5.918,3.062,https://www.youtube.com/watch?v=bT5OapChw_s,3.899,3.89,6.586,https://www.youtube.com/watch?v=6enZdk9LTqs,6.079,6.13,4.82,https://www.youtube.com/watch?v=LXEKuttVRIo,2.673,1.304,7,https://www.youtube.com/watch?v=_AsPY1bQx70,4.786,3.223,4.744,https://www.youtube.com/watch?v=mBA31Jr1THc,2.521,2.8,6.087,https://www.youtube.com/watch?v=xE1LryAkLuM,4.744,4.051,2.749
2022-07-06 12:31:26,2022-07-06 12:41:40,IP Address,86.17.102.131,99,613,False,2022-07-11 13:37:37,R_1LcKjUA1KEoNWet,,,,,,,anonymous,EN-GB,6299dc2997f47665304008b7,"I consent, continue to experiment",25,Male,5.84,,2.42,4.63,1.54,5.84,4.42,4,1.16,1.31,1.42,1.52,1.51,4.67,2.82,7,1,2.02,1.18,1,5.09,5.88,1.6,1.93,1.989,2.893,2.056,2.234,3.873,1.465,2.183,1,2.53,2.234,3.248,5.876,5.606,5.952,5.073,6.028,1,7,1,7,4.997,6.096,5.496,1.237,2.961,2.394,4.676,2.09,5.665,4.845,4.862,2.014,4.068,2.487,2.977,6.02,1,6.814,1,1.963,4.862,5.868,5.082,3.011,4.025,1.93,2.546,1.913,3.138,1.786,2.775,1.862,3.315,1.837,1.955,6.256,3.265,5.775,1.879,1.913,5.031,4.473,5.276,7,6.045,6.13,6.054,6.011,3.704,4.769,2.496,6.206,5.048,6.054,5.538,6.037,5.056,4.93,5.132,2.944,2.986,2.977,5.158,3.501,3.67,2.006,1.744,1.955,5.842,6.155,6.172,5.031,5.09,5.006,4.887,1,1,1,1,6.087,2.935,5.513,2.411,1.127,4.406,1.854,3.544,4.313,3.941,5.538,4.515,https://www.youtube.com/watch?v=AoAm4om0wTs,7,7,5.732,https://www.youtube.com/watch?v=-pzxY5DtZIQ,2.91,5.952,2.513,https://www.youtube.com/watch?v=TWcyIpul8OE,2.073,5.107,2.09,https://www.youtube.com/watch?v=Bimd2nZirT4,2.935,3.485,6.29,https://www.youtube.com/watch?v=9KzRO3YJ-Yc,6.687,6.966,6.189,https://www.youtube.com/watch?v=Jn09UdSb3aA,2.487,5.707,4.955,https://www.youtube.com/watch?v=dhYM5zMvFQk,6.054,6.315,5.918
2022-07-06 12:29:30,2022-07-06 12:58:54,IP Address,94.174.170.167,99,1763,False,2022-07-11 13:37:40,R_vfuXO6iF1utBFOp,,,,,,,anonymous,EN-GB,5ea06914c2b73202ae7a3f29,"I consent, continue to experiment",68,Male,1.32,5.12,5.1,6.19,5.07,1.99,4.81,1.81,3.88,2.77,2.68,3.46,1.5,4.72,1.13,3.1,1.01,1.01,1.13,2.36,4.49,1.18,4.07,2.58,3.163,3.121,3.096,5.614,5.8,5.961,6.011,2.039,3.138,3.561,2.851,5.885,4.659,2.783,3.493,6.003,5.031,2.851,3.679,6.315,6.332,6.028,5.589,2.538,2.47,2.538,2.276,4.845,4.989,4.963,5.606,2.969,5.614,5.006,5.31,2.344,2.935,2.918,2.808,2.563,5.073,5.132,5.285,5.369,5.344,5.234,5.775,2.91,3.983,4.6,5.166,5.031,5.056,3.29,4.879,5.741,5.285,4.659,3.797,2.377,2.53,2.724,2.597,6.155,6.138,5.682,5.454,5.014,5.293,5.082,4.82,4.237,4.566,2.623,4.6,3.552,3.375,2.758,2.749,2.47,5.225,4.38,4.363,5.293,5.614,5.377,5.817,4.558,2.901,2.318,2.851,3.485,4.752,2.8,3.062,2.225,3.087,2.403,4.49,5.944,4.946,2.487,3.155,2.969,4.549,1.921,2.8,2.994,2.758,2.639,2.597,my way - matt munro,5.006,5.69,5.656,The Beatles - here comes the sun,2.758,5.572,5.276,every breath you take - police,3.434,4.735,4.685,memories - maroon 5,3.163,4.296,4.389,gimme gimme gimee - Abba,5.808,6.011,5.546,spaceman - sam ryder,5.454,5.563,5.377,harry stiles - as it was,4.414,5.09,4.87
2022-07-06 12:27:17,2022-07-06 12:54:23,IP Address,5.198.112.208,99,1625,False,2022-07-11 13:37:46,R_1mfQGlU6DbQGtc7,,,,,,,anonymous,EN-GB,6234b3775193f8e94ee8c626,"I consent, continue to experiment",50,Male,5.04,,4.98,,1.98,5.91,2.01,5.14,1,7,5.08,2.28,5.02,5.97,2.11,5.93,5.02,5.94,4.68,2.06,7,5.97,4.89,2.47,2.961,3.51,2.496,2.563,4.634,2.352,1.904,4.608,5.597,6.104,5.513,7,6.104,6.07,6.679,5.538,5.513,6.045,6.552,6.594,1.963,2.538,1.989,2.682,5.031,5.58,5.073,2.428,5.208,5.479,4.566,3.028,5.056,4.524,5.056,6.045,5.538,5.521,6.113,3.003,5.597,6.087,6.003,1.938,4.524,3.383,1.921,2.538,5.073,5.073,5.031,2.749,4.524,1.989,2.031,6.51,6.045,6.045,6.07,2.639,5.048,5.538,4.803,6.113,5.58,5.048,4.608,6.51,5.563,5.597,6.13,6.113,6.594,5.707,6.569,6.028,5.623,5.09,5.597,3.552,5.555,6.02,6.003,2.513,5.031,2.834,2.538,3.003,5.006,4.989,5.031,6.104,6.485,5.47,6.07,1.938,2.479,2.521,1.938,5.006,1.938,1.904,1.524,5.048,6.062,5.141,5.623,5.513,4.625,4.524,2.961,https://www.youtube.com/watch?v=aCHg5r6rFoI,5.031,6.561,7,https://www.youtube.com/watch?v=QN2RnjFHmNY,2.961,6.087,6.527,https://www.youtube.com/watch?v=Y7JG63IuaWs,7,7,7,https://www.youtube.com/watch?v=ijxk-fgcg7c,2.513,5.496,7,https://www.youtube.com/watch?v=h_TUP2vuaDs,7,7,6.535,https://www.youtube.com/watch?v=iVvXB-Vwnco,7,6.045,6.62,https://www.youtube.com/watch?v=MM62wjLrgmA,6.087,7,6.594
2022-07-06 12:28:30,2022-07-06 13:01:10,IP Address,92.40.172.137,99,1960,False,2022-07-11 13:37:46,R_3rOfpxDNDl6k3JM,,,,,,,anonymous,EN-GB,5f5bb87a0093333445af65f2,"I consent, continue to experiment",39,Male,5.1,5.99,7,6.98,6.15,5.12,4.07,4.07,2.23,6.19,5.07,5.7,5.06,5.81,6.77,5.96,5.11,4.42,4.75,2.28,7,4.54,5.72,4.059,5.039,6.028,5.115,4.059,6.18,6.155,6.197,4.059,6.239,6.138,6.932,5.039,3.07,5.056,2.961,6.822,5.073,6.096,5.251,6.797,4.946,5.039,5.073,4.059,5.994,5.124,6.915,5.048,6.104,6.062,7,4.059,5.082,6.121,5.006,5.065,4.059,5.006,3.003,4.059,6.324,5.149,6.789,4.059,6.02,6.079,6.865,4.059,6.104,6.07,5.048,4.059,6.037,6.053,6.958,6.062,5.048,5.107,6.02,4.059,6.104,6.087,6.755,6.349,5.09,5.082,5.056,6.206,5.022,5.073,5.09,6.07,4.059,5.039,4.059,5.065,4.059,5.09,3.028,4.059,5.073,5.098,5.014,5.022,6.155,6.155,7,4.059,6.932,5.098,6.882,5.014,4.059,4.997,4.059,4.059,5.073,5.039,5.107,4.98,4.059,5.022,5.065,4.059,5.014,5.031,5.107,4.946,5.065,5.048,6.053,https://www.youtube.com/watch?v=zakKvbIQ28o,6.983,6.975,6.915,https://www.youtube.com/watch?v=BMYjGkgzinU&t=1042s,6.045,6.915,6.882,https://www.youtube.com/watch?v=3tOKYFR4Rzg,6.324,6.966,6.924,https://www.youtube.com/watch?v=1TJvJXyWDYw,6.138,6.096,7,https://www.youtube.com/watch?v=uenM0nb8Vz8,6.941,6.932,7,https://www.youtube.com/watch?v=W-fFHeTX70Q,5.994,6.899,6.907,https://www.youtube.com/watch?v=w8CUfVtrAT8,7,6.949,7
2022-07-06 12:28:03,2022-07-06 12:54:04,IP Address,90.221.249.236,99,1560,False,2022-07-11 13:37:46,R_2XdlkUcNOKD0MCn,,,,,,,anonymous,EN-GB,5eadaff848b26f4483ae62d9,"I consent, continue to experiment",41,Male,4.81,3.22,3.42,3.6,3.57,5.81,3.47,3.61,3.03,5.61,3.48,3.58,4.82,4.74,3.55,5.79,5.04,5.37,4.29,2.31,6.54,4.26,5.09,1.651,4.287,4.431,5.115,3.003,4.059,4.152,4.152,1.913,1.997,1.431,1.575,6.375,5.732,7,6.375,7,7,7,6.983,6.755,2.563,4.862,5.648,1.896,5.741,2.639,5.352,2.132,3.544,2.428,3.485,3.468,4.161,3.256,3.882,4.946,4.794,4.794,4.355,2.749,1.482,2.732,1.794,1.27,4.938,4.82,3.797,3.527,3.324,4.194,3.569,3.366,4.414,4.254,4.448,5.825,6.501,5.868,6.468,2.192,4.059,3.248,3.011,6.966,7,7,7,6.18,6.823,6.442,6.882,5.775,5.842,6.273,6.113,6.104,6.679,6.146,6.594,1.642,5.048,3.189,5.715,2.132,5.285,3.29,5.048,1.837,3.713,3.687,3.121,5.927,4.744,4.946,4.769,2.335,4.059,4.059,3.045,4.963,4.262,6.527,5.648,3.721,6.13,5.42,5.8,6.104,6.003,5.935,6.577,https://www.youtube.com/watch?v=Q4-jOuHO-z4,6.645,6.915,6.839,https://www.youtube.com/watch?v=hnAwPeqrdAk,1.71,6.51,6.51,https://www.youtube.com/watch?v=VK3Q4SLVkAU,3.746,5.994,6.662,https://www.youtube.com/watch?v=RB-RcX5DS5A,3.789,4.769,6.104,https://www.youtube.com/watch?v=JTMVOzPPtiw,7,7,7,https://www.youtube.com/watch?v=SneuvKIkM3A,3.087,6.679,6.865,https://www.youtube.com/watch?v=aGCdLKXNF3w,6.096,6.789,6.434
2022-07-06 12:28:02,2022-07-06 12:58:32,IP Address,2.219.40.208,99,1830,False,2022-07-11 13:37:47,R_28YA0alzUDP0Zdj,,,,,,,anonymous,EN-GB,6079a64f3374e137a5f86a82,"I consent, continue to experiment",39,Male,5.01,4.07,5.87,5.82,5.87,5.28,5.28,5.6,5.85,5.04,5.07,4.96,5.37,5.44,5.59,6.54,5.51,6.08,6.07,5.83,5.82,6.54,6.25,5.006,6.037,6.121,5.969,3.358,4.93,4.938,5.546,3.485,4.473,5.031,5.394,4.634,4.71,5.056,4.989,6.028,4.592,4.955,5.039,6.307,6.003,6.003,4.811,3.003,4.972,5.665,6.054,3.054,5.175,4.997,6.079,5.065,6.079,5.53,6.104,6.054,5.741,5.597,6.138,3.628,5.479,5.538,5.766,4.059,4.558,4.701,5.056,4.946,5.361,5.361,6.028,3.079,3.924,4.059,5.023,5.006,6.07,6.02,5.715,4.059,3.417,4.997,5.056,7,6.011,6.096,6.679,6.07,5.614,5.707,5.825,4.955,4.059,4.854,4.059,6.028,4.972,5.039,5.065,6.079,6.054,5.352,6.113,3.687,5.039,5.073,5.225,3.13,6.003,6.138,5.851,5.023,4.87,4.837,4.887,4.608,5.986,4.93,5.935,5.741,5.259,5.606,6.07,3.087,5.039,6.045,6.037,5.149,5.749,5.597,6.054,https://www.youtube.com/watch?v=5qm8PH4xAss,6.045,6.146,6.037,https://www.youtube.com/watch?v=bYOE4XnrNeo,2.268,6.172,6.873,https://www.youtube.com/watch?v=roPQ_M3yJTA,5.048,6.831,6.865,https://www.youtube.com/watch?v=2FMtxACKlYM,4.989,6.772,6.738,https://www.youtube.com/watch?v=KIYiGA_rIls,5.682,6.054,6.079,https://www.youtube.com/watch?v=OFtNChII78k,4.059,6.079,6.823,https://www.youtube.com/watch?v=gOMhN-hfMtY,6.121,5.031,6.73
2022-07-06 12:27:47,2022-07-06 12:56:35,IP Address,80.192.14.73,99,1727,False,2022-07-11 13:37:48,R_1LnC6MYqCgqU2KU,,,,,,,anonymous,EN-GB,59e32f80d838ae000185083c,"I consent, continue to experiment",39,Male,4.07,4.07,3.05,5.07,5.08,6.93,3.21,5.18,5.27,5.22,4.06,4.07,4.19,3.15,2.08,6.43,3.54,5.27,6.02,1,5.02,6.18,7,4.972,2.961,2.927,2.977,1.963,3.028,1.135,1.904,2.141,3.037,5.149,4.059,6.113,2.944,1.938,3.028,6.096,3.054,3.113,2.918,7,7,6.113,7,1.938,4.059,2.056,4.059,2.994,4.059,4.093,4.059,3.121,5.107,2.961,4.059,1.913,1.963,5.192,2.014,1.963,3.037,1.98,4.059,5.031,4.059,1.989,3.003,4.059,4.059,1.997,4.059,1.955,1.913,2.918,1.059,7,5.09,5.065,5.082,1.718,1.794,3.028,4.059,7,7,6.079,7,6.13,5.994,4.93,5.082,5.065,4.059,3.02,4.059,5.09,4.076,3.07,3.113,5.09,4.059,2.961,5.969,2.851,2.969,1.879,1.98,2.006,4.059,2.006,4.059,6.172,4.059,3.087,4.059,5.09,4.059,2.014,2.986,6.104,3.949,4.059,4.059,6.079,4.059,5.149,6.163,5.065,2.927,4.059,3.028,https://www.youtube.com/watch?v=ok4MZi6385g&list=RDMM&index=3,6.932,7,7,https://www.youtube.com/watch?v=nnjV-4ULp9w,6.113,6.087,7,https://www.youtube.com/watch?v=1irK5V906TQ,7,7,7,https://www.youtube.com/watch?v=k4V3Mo61fJM,4.059,5.056,6.07,https://www.youtube.com/watch?v=powalAr1QX0&list=RDGMEMYH9CUrFO7CfLJpaD7UR85w&index=1,6.932,6.983,7,https://www.youtube.com/watch?v=Ec92Wa8zJs8&list=RDGMEMYH9CUrFO7CfLJpaD7UR85w&index=2,6.037,6.197,7,https://www.youtube.com/watch?v=wi_swLdycJ4,6.079,6.087,6.037
2022-07-06 12:27:43,2022-07-06 12:49:25,IP Address,86.23.233.58,99,1302,False,2022-07-11 13:37:48,R_3NQJhzEGXMbvusc,,,,,,,anonymous,EN-GB,5b4d420fa3ace8000193ad7c,"I consent, continue to experiment",24,Female,5.23,3.99,2.41,5.79,3.41,4.63,3.47,2.33,3.32,1.35,4.01,4.95,3.99,4.04,4.57,5.94,3.97,1.37,1.52,1.59,6.25,2.48,6.81,2.513,4.82,3.096,2.834,2.69,5.403,3.003,5.935,4.541,5.935,3.882,6.045,5.521,3.062,4.972,1.389,6.544,4.338,6.332,3.485,6.062,4.98,4.592,4.608,4.668,5.403,5.496,6.468,2.386,5.732,4.921,6.569,4.668,4.693,3.992,5.006,4.828,2.986,3.02,1.727,4.701,5.893,5.665,6.577,2.707,3.468,3.468,2.876,3.4,4.913,5.082,5.09,2.42,2.935,2.952,5.563,5.961,2.014,3.924,1.93,3.485,5.014,4.786,6.4,5.876,4.854,4.6,4.575,5.868,2.487,4.042,1.566,4.49,2.048,5.132,1.499,5.327,3.459,4.87,2.335,3.062,3.383,3.172,4.668,2.868,4.549,2.91,4.625,2.538,5.597,2.986,4.955,5.792,2.115,4.051,1.397,2.344,4.718,3.037,3.172,6.358,3.239,3.924,1.11,3.577,4.642,2.699,4.651,5.344,5.639,5.234,6.045,https://www.youtube.com/watch?v=wxyMek3vTgc,5.496,5.741,5.614,https://www.youtube.com/watch?v=tgyf4PL9_0g,2.851,4.685,2.58,https://www.youtube.com/watch?v=ENwFAmeWEYk,2.572,5.758,2.935,https://www.youtube.com/watch?v=lOUYIvruTn4,3.332,5.555,5.411,https://www.youtube.com/watch?v=9pYHjyGdLAo,6.535,6.155,6.451,https://www.youtube.com/watch?v=kf1gHqritRQ,4.752,6.332,5.065,https://www.youtube.com/watch?v=vRjvpcXhcd8,5.073,5.58,4.211
2022-07-06 12:27:16,2022-07-06 13:05:38,IP Address,51.19.155.58,99,2301,False,2022-07-11 13:37:50,R_XYCf1iQL1ooU0x3,,,,,,,anonymous,EN-GB,62b5ef2ecccb0a1fdac33218,"I consent, continue to experiment",32,Male,5.02,3.14,2.97,4.97,1.2,7,2.28,3.35,1.03,4.76,3.23,4.96,4.98,5.5,2.58,5.27,1.77,5.7,4.56,1.18,5.25,5.07,5.55,2.056,1.093,2.014,1.972,5.31,5.715,6.062,3.408,2.006,1.076,5.09,1.946,7,6.189,7,5.961,7,1.963,5.099,1.313,7,2.048,2.952,1.515,3.18,3.087,4.845,2.977,5.099,6.146,5.327,2.91,2.935,4.456,5.048,3.476,7,6.062,7,6.746,1.98,2.014,2.192,1.321,3.037,3.011,2.961,4.203,2.546,2.961,2.217,2.808,3.02,2.91,5.124,5.039,6.003,1.896,1.279,1,2.893,1.389,6.214,2.048,5.893,2.944,6.07,4.786,7,4.98,4.355,3.493,6.442,6.324,7,7,6.746,6.873,7,5.969,5.023,7,6.062,6.882,2.994,5.039,5.656,5.648,5.023,6.146,6.138,5.268,6.037,6.037,6.696,6.704,1.566,1.186,2.961,1.465,2.285,3.231,2.369,1.642,3.577,5.927,6.806,7,6.003,4.608,5.251,4.482,https://www.youtube.com/watch?v=H8QX3hy9RQE,2.952,7,7,https://www.youtube.com/watch?v=HdzI-191xhU,4.879,7,6.315,https://www.youtube.com/watch?v=fP5WRZ23fWk,4.448,6.425,6.054,https://www.youtube.com/watch?v=IPv98eXx3fo,4.997,7,7,https://www.youtube.com/watch?v=3JcmQONgXJM,7,6.079,5.952,https://www.youtube.com/watch?v=tKi9Z-f6qX4,2.242,6.315,7,https://www.youtube.com/watch?v=uAPUkgeiFVY,7,6.206,7
2022-07-06 12:26:47,2022-07-06 13:09:43,IP Address,86.132.77.135,99,2576,False,2022-07-11 13:37:57,R_1GIEQjeKtfWxRPy,,,,,,,anonymous,EN-GB,5c2e6546af699500010f521a,"I consent, continue to experiment",64,Male,1.93,1.88,1.9,6.27,1.9,1.01,2,2.02,3,1.84,3.19,1.02,1.14,1.03,1.9,1.07,1.06,1.2,2.5,5.22,1.94,1.14,2.55,4.583,3.146,1.515,1.592,2.775,2.386,2.369,1.211,2.91,4.727,3.654,2.952,4.625,2.994,2.056,1,6.138,3.054,5.039,1.059,5.606,3.028,2.808,1,3.425,4.718,4.541,2.411,3.011,5.597,3.552,6.206,4.803,2.969,1.879,1.634,4.668,2.285,1.634,1.524,2.352,4.532,2.927,3.535,3.011,3.028,1.085,1.008,2.893,3.189,1.777,1.592,3.045,1.608,2.994,1,5.082,2.031,1.642,1,3.011,5.073,4.507,6.146,5.335,2.352,2.749,1,4.482,2.614,2.006,1,5.09,2.09,1.008,1,4.786,2.665,1.634,1.296,2.115,3.552,1.98,1.549,3.02,3.028,3.028,1.093,3.324,5.285,4.38,6.746,5.006,1.845,1,1,3.611,3.028,1.93,1.414,5.141,2.656,1.296,1,2.994,4.059,1.854,1.389,5.808,1.997,3.561,1,https://www.youtube.com/watch?v=JH3T6YwwU9s,4.634,6.206,5.234,https://www.youtube.com/watch?v=IKBmAmEZtRo,2.352,7,7,https://www.youtube.com/watch?v=4T-pi1hMpPM,3.096,5.986,5.183,https://www.youtube.com/watch?v=JTc1mDieQI8,3.417,5.58,5.707,https://www.youtube.com/watch?v=pCsC0CUH34I,5.783,5.994,4.811,https://www.youtube.com/watch?v=b3v0Bd7sEOA,5.656,6.172,6.054,https://www.youtube.com/watch?v=PPSjTGzjUSI,5.158,6.552,7
2022-07-06 12:26:35,2022-07-06 12:59:49,IP Address,151.227.28.236,99,1993,False,2022-07-11 13:37:58,R_1mmkhWo3PUFBoHg,,,,,,,anonymous,EN-GB,590203d0fb96b90001dddae0,"I consent, continue to experiment",41,Male,6.08,3.01,4.01,6.15,3.05,7,4.85,4.86,1.95,6.18,3.19,2.24,3.2,6.17,2.23,6.13,6.11,4.86,6.07,1,6.17,4.91,7,2.961,4,2.952,3.003,2.977,5.107,3.983,5.014,2.977,4,2.994,5.073,7,6.113,6.07,6.037,7,3.992,6.087,6.121,7,6.104,6.121,6.037,3.054,4.008,3.011,5.056,2.961,3.992,4.017,5.065,3.003,4.034,3.02,3.07,6.096,5.023,5.056,5.09,3.003,4.017,4.059,5.056,3.992,5.065,4.076,5.107,4.025,4.042,4.051,4.025,2.935,2.927,2.986,5.132,7,6.13,5.107,6.079,2.986,4,4,5.014,7,7,7,7,7,6.138,6.079,6.121,5.09,3.949,4.025,5.09,7,6.087,6.079,5.006,6.13,6.138,6.113,6.062,3.983,5.073,3.992,5.115,3.003,4.997,5.065,5.073,5.082,5.056,5.031,5.056,2.935,4.017,4.034,2.893,7,6.087,5.09,5.107,3.983,5.056,4.008,3.045,4.068,4.017,3.992,2.986,https://www.youtube.com/watch?v=7B-4Lsrx8IA,6.045,7,7,https://www.youtube.com/watch?v=pXrjMaVoTy0,4.025,6.07,7,https://www.youtube.com/watch?v=rCceoeKvvN4,6.079,7,7,https://www.youtube.com/watch?v=KqmxZyV9VCU,7,7,7,https://www.youtube.com/watch?v=CcNo07Xp8aQ,7,7,6.079,https://www.youtube.com/watch?v=lt-udg9zQSE,7,6.07,7,https://www.youtube.com/watch?v=NG2zyeVRcbs,4.997,6.096,6.138
2022-07-06 12:26:30,2022-07-06 12:46:06,IP Address,86.132.189.1,99,1176,False,2022-07-11 13:37:58,R_10PFqu5rMdEOmA5,,,,,,,anonymous,EN-GB,5b70d5cf48302c0001ba0771,"I consent, continue to experiment",60,Male,5.07,3.19,3.16,5.04,2.06,6.04,4.8,4.97,1.45,6.04,6.35,2.61,4.67,6.74,1.11,6.7,6.19,3.3,4.33,1.21,6.7,5.23,5.56,2.394,3.02,3.544,3.011,2.961,3.594,4.735,4.059,2.039,3.417,5.09,4.532,6.054,2.935,3.983,3.02,6.341,5.986,6.67,6.332,6.789,6.544,6.544,5.487,3.003,4.279,6.028,5.141,2.014,3.535,5.572,4.465,3.493,4.338,4.794,4.059,5.606,3.62,4.845,3.028,4.955,4.786,5.69,4.524,3.273,3.231,3.73,3.18,5.065,5.859,5.842,5.149,3.552,3.172,4.423,3.535,5.589,5.023,5.521,5.614,1.372,4.313,4.887,4.237,6.586,5.69,6.366,4.828,6.738,6.096,6.67,6.13,5.487,3.459,2.741,3.518,5.437,3.332,2.918,2.099,3.02,4.059,5.462,4.524,4.735,5.048,5.555,5.107,1.87,5.065,5.606,5.107,5.014,4.507,5.335,4.059,1.676,2.428,2.792,1.963,6.054,5.589,5.073,5.935,4.059,4.473,5.597,5.639,5.546,2.969,2.023,2.065,https://www.youtube.com/watch?v=tpKCqp9CALQ,7,6.983,6.983,https://www.youtube.com/watch?v=1ZYbU82GVz4&t=2026s,1.532,5.048,6.746,https://www.youtube.com/watch?v=G6Kspj3OO0s,2.462,6.78,7,https://www.youtube.com/watch?v=iUiTQvT0W_0,3.392,5.031,6.932,https://www.youtube.com/watch?v=TvnYmWpD_T8,6.882,6.865,6.915,https://www.youtube.com/watch?v=7HmiFxqdgq4,5.082,6.544,6.899,https://www.youtube.com/watch?v=-5q5mZbe3V8,6.155,6.983,6.332
2022-07-06 12:26:25,2022-07-06 13:09:54,IP Address,94.8.241.54,99,2608,False,2022-07-11 13:38:16,R_2zO9zfFI2qfHbjK,,,,,,,anonymous,EN-GB,62b4688a155412edaf3f73a3,"I consent, continue to experiment",36,Male,7,5.46,5.47,5.78,5.61,5.58,5.62,5.54,4.19,4.9,5.66,4.92,4.96,5.78,4.16,5.08,5.15,5.16,5.13,3.32,7,4.27,7,6.104,6.121,4.685,5.606,4.059,4.025,4.068,4.042,6.079,5.563,7,7,6.054,4.059,4.068,1.997,7,3.028,3.983,1.955,7,1,5.048,1,1.93,7,5.039,7,1.938,4.456,3.011,5.546,4.008,6.096,5.048,7,5.546,2.969,4.042,5.031,1.98,1.963,5.065,1.887,1.989,1.997,4,2.749,2.994,7,4.515,7,1.997,2.994,4.025,2.986,7,5.538,5.589,5.808,2.107,2.504,4.008,2.994,7,5.056,5.056,5.09,7,6.07,5.656,5.682,5.09,5.082,4.017,5.927,6.07,4.034,4.051,1.955,3.535,5.031,2.961,6.07,2.47,5.039,1.955,4.794,2.546,4.566,1.972,4.287,3.983,3.975,1.972,1.938,5.039,3.417,4.059,3.552,7,5.386,4.397,5.115,2.403,4.127,2.563,5.006,2.403,4.482,2.428,5.589,https://www.youtube.com/watch?v=Zd9jeJk2UHQ&ab_channel=WetLegVEVO,5.504,6.062,5.115,https://www.youtube.com/watch?v=n2cJxvYS4uk&list=PLpJTlW2fz9N6k7nx_SIC1-MBMdB29mFW6&index=3&ab_channel=TaiseiIwasaki-Topic,4.008,4.025,4.059,https://www.youtube.com/watch?v=VNeiu8iF9-0&list=PLpJTlW2fz9N6k7nx_SIC1-MBMdB29mFW6&index=3&ab_channel=VariousArtists-Topic,7,7,6.07,https://www.youtube.com/watch?v=pYHEpDnvVPk&ab_channel=Radiohead-Topic,5.614,4.017,4.008,https://www.youtube.com/watch?v=cU-MAy5Ubvc&ab_channel=TheGo%21Team-Topic,7,7,6.493,https://www.youtube.com/watch?v=JMDmaUO4hno&ab_channel=GodspeedYou%21BlackEmperor-Topic,5.639,5.082,7,https://www.youtube.com/watch?v=0nnqGDZnWhU&ab_channel=BoardsOfCanada-Topic,4.997,6.079,4.997
2022-07-06 12:26:13,2022-07-06 12:43:38,IP Address,81.97.235.2,7,1045,False,2022-07-11 13:38:17,R_2adGl69hUcyxo09,,,,,,,anonymous,EN-GB,5be4780c82b8730001432c50,"I consent, continue to experiment",36,Male,5.03,,4.1,5.63,2.7,4.38,2.81,5.54,1,1.53,4.01,3.66,4.52,3.1,3.17,6.4,3.57,5.32,3.37,1,6.61,5.12,6.78,,,,,,,,,,,,,,,,,,,,,,,,,,,,,,,,,,,,,,,,,,,,,,,,,,,,,,,,,,,,,,,,,,,,,,,,,,,,,,,,,2.724,4.651,1.896,3.78,,,,,,,,,,,,,,,,,,,,,,,,,,,,,,,,,,,,,,,,,,,,,,,,,,,,,,,,
2022-07-06 12:25:42,2022-07-06 12:52:26,IP Address,194.207.115.192,99,1603,False,2022-07-11 13:38:18,R_Wv304qldlTSFRfj,,,,,,,anonymous,EN-GB,5ec3089ee79b501539d6d686,"I consent, continue to experiment",34,Male,6.98,,2.88,,1.01,3.45,2.34,,1.01,6.83,5.3,4.73,5.08,5.07,1.5,,5.45,4.79,3.17,2.01,5.68,5.01,4.85,5.132,3.045,2.994,2.158,3.392,4.913,3.679,4.532,3.282,2.741,2.597,1.059,4.972,5.546,5.082,6.189,5.31,3.763,4.769,5.504,6.476,2.192,4.963,3.037,7,3.011,3.045,2.893,4.744,4.456,3.831,2.783,5.099,3.493,4.532,4.186,4.955,5.344,4.963,6.282,4.794,3.425,2.724,2.006,4.642,5.504,4.701,3.485,4.82,4.879,4.625,3.4,4.685,5.285,4.617,3.527,3.045,4.946,3.544,5.927,3.434,5.115,4.549,4.465,5.876,2.918,5.496,2.631,5.369,5.149,4.499,5.327,5.352,5.107,4.397,6.155,5.065,5.369,4.676,5.344,2.715,2.031,5.631,1.211,3.113,2.538,3.696,4.431,4.575,2.732,4.837,2.808,6.13,5.082,3.273,5.504,3.392,2.563,5.293,2.023,5.344,4.676,2.285,1.592,4.118,2.496,4.794,3.223,3.248,2.538,3.307,1.008,Cloudbusting - Kate Bush,3.451,3.299,5.918,"All I need - Radiohead ",2.208,2.648,6.789,"Idioteque - Radiohead ",3.054,3.011,5.893,"Everybody Want to Rule the World - Tears for Fears ",3.721,3.315,5.749,Panic Room - Au/Ra,5.149,5.538,4.811,The Heretic Anthem - Slipknot,6.518,3.493,5.335,"Self Esteem - The Offspring ",5.014,4.634,4.752
2022-07-06 12:24:34,2022-07-06 12:42:21,IP Address,213.205.240.94,99,1066,False,2022-07-11 13:38:18,R_3387bnamgB6ZuEm,,,,,,,anonymous,EN-GB,5ef7783026861249d8eb58ef,"I consent, continue to experiment",52,Male,7,4.08,1,5.05,5.06,5.99,6.02,1.01,4.07,7,4.07,1,2.5,6.12,1,4.41,7,1,4.78,4.71,7,1,7,7,6.087,7,6.104,4.059,4.059,1.938,1.008,6.07,5.056,5.048,5.031,1.913,1.008,1.042,1.008,7,6.121,7,7,7,6.113,6.07,6.104,3.028,6.079,5.073,5.107,3.011,4.059,4.059,4.059,6.087,7,6.087,6.121,3.02,1.008,1.963,1.017,4.059,7,6.062,5.073,2.893,3.045,2.986,1.017,6.062,6.096,6.003,6.062,1.997,3.003,1.034,1.042,7,6.045,7,7,6.054,6.037,6.062,5.039,7,7,7,7,7,6.037,7,7,1.98,1.938,1.98,2.039,4.059,1.972,1.98,1.972,5.082,5.073,4.989,5.09,4.059,4.059,3.02,1.008,7,6.104,5.099,4.059,4.997,3.02,2.994,2.082,6.045,5.023,6.054,6.104,4.059,4.059,3.045,3.045,7,6.096,3.924,4.059,5.056,4.059,4.059,2.014,https://www.youtube.com/watch?v=xA7e_dxDOCo&list=WL&index=29,7,7,6.054,https://www.youtube.com/watch?v=DTVBLbQ1wBQ&list=WL&index=40,7,5.107,7,https://www.youtube.com/watch?v=RxabLA7UQ9k&list=WL&index=52,7,6.054,7,https://www.youtube.com/watch?v=ouEezpuPc3A&list=WL&index=3,7,5.09,7,https://www.youtube.com/watch?v=DlPHmYtqSdA&list=WL&index=9,7,7,7,https://www.youtube.com/watch?v=rNsgHMklBW0&list=WL&index=44,7,7,7,https://www.youtube.com/watch?v=bwnAiYtch_M&list=WL&index=1,6.992,7,6.02
2022-07-06 12:26:21,2022-07-06 12:54:38,IP Address,147.12.154.232,99,1697,False,2022-07-11 13:38:18,R_1HdaHQdYkfJp2Us,,,,,,,anonymous,EN-GB,545d347afdf99b7f9fca22c7,"I consent, continue to experiment",32,Male,5.01,1,2.52,4.05,1,6.05,1.98,4.08,1,1,3.92,1,1,4.61,3.99,5.61,4,5.16,4.62,1,5.9,5.93,5.1,2.039,3.113,4.972,1.946,1,1,5.808,1,3.104,3.079,4.887,3.375,3.992,3.966,2.192,3.392,5.876,2.749,5.039,2.115,4.456,4.008,4.423,3.586,3.408,4.068,2.107,3.755,2.411,4.794,4.608,4.414,2.986,3.924,1.389,2.918,4.913,4.169,4.025,4.076,3.13,4.034,3.121,3.011,2.546,1,5.699,1,1.946,2.994,4.431,3.155,1,1,5.09,1,6.02,2.918,5.572,2.58,3.315,1,7,2.715,6.29,4.913,5.614,3.738,4.583,3.146,4.287,2.099,4.389,4.059,4.313,3.814,4.059,4.634,3.087,3.18,3.265,4.651,4.431,4.059,1.98,1,5.724,1,4.676,4.279,4.456,4.034,4.389,3.958,3.992,3.552,3.054,3.975,2.935,3.434,4.085,2.056,4.051,2.428,2.977,3.958,1.997,3.721,3.028,3.941,2.158,3.468,https://www.youtube.com/watch?v=L53gjP-TtGE,5.462,4.963,4.735,https://www.youtube.com/watch?v=3M_Gg1xAHE4,2.546,5.293,5.285,https://www.youtube.com/watch?v=Q0oIoR9mLwc,3.113,5.039,5.006,https://www.youtube.com/watch?v=Y4HWvsGs0rY,3.459,4.465,4.549,https://www.youtube.com/watch?v=gG_dA32oH44,5.555,4.583,4.693,https://www.youtube.com/watch?v=3FkApmj8K1M,5.006,5.555,5.006,https://www.youtube.com/watch?v=TUVcZfQe-Kw,4.549,4.465,4.423
2022-07-06 12:26:20,2022-07-06 12:42:46,IP Address,82.14.18.114,99,986,False,2022-07-11 13:38:20,R_3dEOTryEsoXKE8J,,,,,,,anonymous,EN-GB,5dd05d80b2204f1487f7812c,"I consent, continue to experiment",38,Male,5,5.45,7,2.94,5.22,1.69,5.92,4.83,4.79,5.55,2.01,1.31,1.46,5.96,4.46,6.19,5.95,2.09,1.8,1,6.87,5.66,5.94,2.682,2.437,6.206,2.69,2.251,2.141,2.901,1.228,5.699,6.282,6.155,6.746,6.569,1.482,6.02,2.944,6.924,2.124,6.408,2.513,6.645,2.42,6.113,2.411,2.369,6.096,5.935,5.977,2.006,6.104,6.138,6.155,3.273,6.163,5.563,6.535,5.842,1.862,5.825,1.541,5.454,5.665,5.817,4.803,2.42,4.482,5.969,1.879,3.476,5.521,5.563,4.963,1.82,1.879,6.02,1.625,6.746,2.411,6.155,4.997,2.361,5.749,5.454,5.606,7,1.642,6.755,1.87,6.214,5.386,3.341,5.149,5.859,5.217,5.124,5.023,5.842,5.031,4.854,3.13,5.817,6.383,6.383,7,2.158,2.09,3.104,1.27,4.465,5.918,5.268,6.552,5.699,5.758,2.572,5.099,5.259,5.394,5.775,5.082,5.834,5.09,3.087,3.248,3.29,6.561,5.589,6.721,5.656,5.699,5.521,5.513,https://www.youtube.com/watch?v=HgzGwKwLmgM,6.366,6.907,6.806,https://www.youtube.com/watch?v=Byl3hl5r6OA,6.408,6.392,6.662,https://www.youtube.com/watch?v=SHAqAO7w8M8&list=RDYBcdt6DsLQA&index=2,6.231,6.645,6.307,https://www.youtube.com/watch?v=4-43lLKaqBQ,6.383,4.439,6.358,https://www.youtube.com/watch?v=28d_A_NuJ7A&list=RDrJOhavaeJYk&index=5,6.324,6.763,6.442,https://www.youtube.com/watch?v=h0ffIJ7ZO4U,6.366,6.561,6.882,https://www.youtube.com/watch?v=bx1Bh8ZvH84,5.47,6.839,6.789
2022-07-06 12:21:52,2022-07-06 12:59:05,IP Address,92.13.213.69,99,2232,False,2022-07-11 13:38:21,R_YPwqOcOzpTjd1sd,,,,,,,anonymous,EN-GB,59be90270ac77f0001f059e6,"I consent, continue to experiment",40,Female,6.97,4.07,4.07,4.07,5.19,4.07,4.73,5.99,2.87,7,4.12,4.56,6.1,4.75,4.03,4.07,6.32,4.91,4.81,3.26,6.97,4.35,5.5,4.059,4.532,3.975,4.439,5.048,5.023,4.059,4.515,3.425,4.059,3.146,4.465,6.138,4.913,4.904,5.023,7,7,7,6.983,6.096,6.079,6.07,5.073,4.296,4.059,3.045,4.186,2.555,4.38,2.961,4.22,4.989,4.904,4.059,4.296,5.023,5.014,4.963,4.118,4.27,4.059,2.268,4.194,5.023,4.38,4.034,4.296,3.062,3.704,3.037,3.89,4.583,4.059,2.935,4.186,6.966,7,7,6.992,2.969,4.059,2.961,3.958,6.992,6.983,6.104,5.073,7,7,7,7,5.099,5.014,4.507,4.803,4.997,4.794,5.048,4.735,3.155,4.955,4.997,5.124,3.975,4.49,2.893,4.203,3.324,3.932,1.93,3.958,5.023,5.014,4.541,4.651,3.527,2.986,4.98,3.045,6.983,6.037,4.997,5.589,3.451,5.023,4.431,5.099,4.059,4.059,4.059,4.22,https://www.youtube.com/watch?v=bn8QPRYWAdk,6.975,7,6.958,https://www.youtube.com/watch?v=ySdLh_B3HjA,7,7,7,https://www.youtube.com/watch?v=ErvgV4P6Fzc,6.992,6.975,7,https://www.youtube.com/watch?v=8SbUC-UaAxE,7,7,7,https://www.youtube.com/watch?v=B8NMMXmqteI,7,7,7,https://www.youtube.com/watch?v=ySdLh_B3HjA,6.975,6.983,7,https://www.youtube.com/watch?v=Ypkv0HeUvTc,7,7,7
2022-07-06 12:21:46,2022-07-06 12:35:39,IP Address,129.11.194.198,99,832,False,2022-07-11 13:38:28,R_1n8cvTCqhwbHR7h,,,,,,,anonymous,EN-GB,608218ec0a638a0240bcb3ed,"I consent, continue to experiment",26,Male,5.73,3.15,6.05,4.52,3.79,6.27,4.9,4.63,3.26,5.35,4.07,5.84,4.49,4.17,3.11,4.42,7,5.5,4.29,1.84,6.32,3.46,6.51,2.342,4.069,1.202,3.609,3.407,5.199,5.025,6.118,1.864,2.966,2.066,2.948,5.245,5.006,4.078,4.519,6.098,6.045,5.286,7,6.259,5.455,4.938,5.455,3.315,4.069,2.479,3.242,2.857,4.393,2.661,4.402,2.13,4.418,2.121,3.49,5.107,3.049,4.997,3.315,3.067,2.351,3.959,2.562,3.306,5.567,5.172,5.998,2.848,5.214,4.589,5.018,3.242,5.851,5.135,6.21,5.089,3.113,5.861,5.815,2.939,3.913,1.992,3.077,5.648,5.014,4.465,5.377,5.962,6.274,5.732,6.982,4.732,4.063,3.045,4.277,5.778,4.538,3.27,4.427,2.994,3.306,4.813,4.446,2.994,5.116,6.1,6.311,3.012,3.012,1.597,2.856,3.775,4.326,1.34,4.28,3.077,2.709,4.436,3.738,5.116,3.325,2.222,3.049,2.821,5.348,3.315,5.098,4.069,4.648,3.27,4.289,https://www.youtube.com/watch?v=bu3ruL8WJgc,5.272,5.361,5.388,https://www.youtube.com/watch?v=1lyu1KKwC74,2.961,4.51,4.976,https://www.youtube.com/watch?v=h-rj8HVW3PQ,5.621,4.528,4.466,https://www.youtube.com/watch?v=PHx-xqs3hO8,4.904,4.627,5.782,https://www.youtube.com/watch?v=8nQLXkl9Zco,6.884,5.236,5.164,https://www.youtube.com/watch?v=zZMg9ryeWOw,6.866,5.093,5.334,https://www.youtube.com/watch?v=3wLLgJ_a7Rs,5.29,5.701,4.913
2022-07-06 12:21:27,2022-07-06 12:57:53,IP Address,31.53.224.138,99,2186,False,2022-07-11 13:38:28,R_12DAjZTFQlo6Dnj,,,,,,,anonymous,EN-GB,5e31a1526ef37a1879a94441,"I consent, continue to experiment",56,Male,6.14,5.02,5.06,6.17,5.08,3.92,6.22,1,4.03,2,6.08,4.9,4.51,7,6.37,7,6.61,5.59,4.92,1.95,7,4.08,1,1.955,2.014,2.048,2.107,4.059,4.98,4.989,5.056,2.994,5.048,5.073,6.054,7,6.079,5.115,6.07,7,3.011,1,1.989,7,7,5.969,6.011,5.099,5.056,5.039,6.087,2.977,2.885,3.924,4.017,3.045,6.07,6.062,6.079,4.059,4.059,4.059,3.087,5.039,3.949,4.059,6.028,7,5.048,4.025,5.056,2.977,6.062,5.741,6.163,4.059,5.056,5.014,5.039,5.082,4.042,1.98,4.059,5.056,1.972,2.977,2.961,7,6.172,5.039,6.113,7,6.087,5.158,6.121,5.023,5.023,4.059,5.023,7,7,5.023,6.13,3.045,7,6.163,7,4.059,4.938,5.048,4.997,5.099,3.003,3.003,2.039,6.079,5.048,5.023,6.113,1.997,1.938,1.955,1.93,7,2.006,2.023,2.014,5.107,7,6.104,7,6.104,4.059,4.059,4.059,https://www.youtube.com/watch?v=AdWh-V3Gwx8,7,7,7,https://www.youtube.com/watch?v=W3h6FgFthC8,5.09,7,7,https://www.youtube.com/watch?v=-crgQGdpZR0,7,7,7,https://www.youtube.com/watch?v=n0Ry5EmcoNM,3.045,6.146,7,https://www.youtube.com/watch?v=8DyziWtkfBw,7,6.138,6.054,https://www.youtube.com/watch?v=Xpn_lGaTOEo,3.028,6.054,6.104,https://www.youtube.com/watch?v=qWI3XvvnpjE,6.104,6.054,6.087
2022-07-06 12:21:12,2022-07-06 13:09:58,IP Address,2.100.117.68,99,2926,False,2022-07-11 13:38:28,R_3M3tnrG8y4MTpGd,,,,,,,anonymous,EN-GB,5d651053afb8f700198459d4,"I consent, continue to experiment",27,Female,6.41,4.85,3.69,4.63,5.58,4.28,4.69,4.78,4.18,4.41,3.08,2.52,3.65,4.13,1.4,6.22,5.25,5.24,5.23,1,6.05,5.28,4.87,3.603,4.203,3.637,2.606,3.146,4.701,3.493,4.566,2.369,2.513,4.423,4.524,5.758,5.048,5.014,6.214,6.104,3.611,4.786,1.608,7,4.82,4.685,3.493,3.248,4.406,3.358,4.811,3.451,4.71,3.713,4.997,3.594,4.363,3.696,2.944,5.411,5.023,5.496,5.986,3.138,3.738,2.961,4.608,2.927,4.854,4.33,4.972,3.662,4.499,3.485,4.11,3.138,3.594,3.654,4.744,4.896,3.256,5.513,2.673,3.459,4.794,2.935,4.989,6.992,4.87,4.735,4.465,5.69,4.685,3.645,3.721,5.023,4.904,2.918,5.53,6.045,4.955,5.158,6.045,3.189,3.772,3.239,3.527,2.935,4.997,3.332,4.608,3.172,4.896,3.603,4.321,5.039,5.631,5.428,5.842,2.961,4.355,3.51,2.969,6.087,6.282,4.659,6.544,2.91,3.814,2.217,3.434,5.014,4.338,4.304,3.434,https://www.youtube.com/watch?v=Gs069dndIYk&ab_channel=EarthWindandFireVEVO,6.062,6.713,6.417,https://www.youtube.com/watch?v=HB6JjgEubrk&ab_channel=Tamino,2.369,5.724,5.056,https://www.youtube.com/watch?v=KEvhSUT-toI&ab_channel=FlyteBandVEVO,5.082,6.13,5.699,https://www.youtube.com/watch?v=rroc2y9if_Q&ab_channel=BBCMusic,3.273,5.31,4.625,https://www.youtube.com/watch?v=WM71W6eI34w&ab_channel=Santigold,6.383,6.772,6.746,https://www.youtube.com/watch?v=WHuBW3qKm9g&ab_channel=DuaLipa,5.901,6.4,6.037,https://www.youtube.com/watch?v=71Es-8FfATo&ab_channel=ArcticMonkeysVEVO,4.744,4.946,5.217
2022-07-06 12:20:47,2022-07-06 12:48:51,IP Address,82.36.219.224,99,1683,False,2022-07-11 13:38:30,R_2sdKTDNeS2eBSdw,,,,,,,anonymous,EN-GB,5d9dcfb349560700161ea3b5,"I consent, continue to experiment",29,,5.23,2.87,5.17,5.38,4.33,5.01,4.57,4.79,4.92,4.86,4.63,4.62,4.57,3.23,2.8,5.35,4.68,7,6.68,5.61,5.34,6.65,4.32,3.425,5.141,5.749,5.006,5.073,4.938,5.758,5.707,2.952,4.87,5.082,6.239,5.673,5.792,7,6.687,6.265,2.91,5.141,3.67,6.079,4.837,2.023,5.504,3.223,5.014,4.642,4.955,2.986,5.369,4.575,5.859,2.792,6.037,4.448,5.918,5.749,6.882,5.994,6.924,2.952,3.493,3.561,5.487,5.183,5.606,4.735,5.901,4.541,5.682,4.693,6.265,2.977,5.614,4.71,5.707,5.808,4.761,5.487,5.42,4.786,4.938,5.268,5.47,5.132,5.268,3.358,5.825,5.546,5.665,5.031,6.096,6.028,6.899,6.586,6.501,5.361,7,6.839,6.299,2.58,3.02,4.887,4.972,4.989,6.028,5.386,6.096,4.6,3.214,5.166,5.377,4.946,5.935,7,6.366,4.794,5.538,5.09,5.141,5.082,4.786,3.18,5.496,2.648,2.69,4.997,4.659,5.132,4.93,5.572,5.876,https://www.youtube.com/watch?v=zG4Jvum5q-M,5.944,5.479,5.969,https://www.youtube.com/watch?v=uyLnG1Sekvk,5.166,5.09,6.045,https://www.youtube.com/watch?v=tfSS1e3kYeo,5.504,5.166,5.783,https://www.youtube.com/watch?v=Y2cWHiKaFjc,5.183,5.639,5.242,https://www.youtube.com/watch?v=Kbj2Zss-5GY,5.699,5.403,6.054,https://www.youtube.com/watch?v=cC33gH6RE5k,5.648,5.158,5.927,https://www.youtube.com/watch?v=n3qQtSRmHxo,5.285,4.938,5.842
2022-07-06 12:20:43,2022-07-06 12:41:29,IP Address,188.220.255.226,99,1246,False,2022-07-11 13:38:30,R_4V1YeTRwIGkVV9T,,,,,,,anonymous,EN-GB,5cb20f2d7c917b00172dfef5,"I consent, continue to experiment",46,Male,4.07,4.07,5.07,6.05,5.13,5.19,4.07,5.25,5.37,6.33,4.07,5.28,1.01,5.61,4.72,6.95,2.95,4.87,4.87,4.07,7,4.63,5.61,3.02,4.059,4.059,4.059,5.048,6.146,5.006,6.096,4.059,4.059,4.059,5.065,7,5.048,4.059,4.059,7,4.059,2.969,3.011,7,7,6.121,6.13,5.006,5.132,5.048,5.048,4.059,6.121,6.037,6.087,5.065,6.037,5.082,5.056,7,5.048,4.059,5.141,4.059,4.059,5.107,5.073,6.062,6.113,5.031,5.149,5.039,5.048,4.051,5.065,5.065,6.121,5.099,6.096,7,6.062,5.056,6.138,4.059,5.107,5.149,5.065,6.983,6.975,5.132,6.18,7,6.113,5.023,6.104,7,6.104,5.056,5.124,7,5.099,4.059,5.039,2.969,4.059,4.059,5.065,5.031,6.113,5.082,6.197,4.059,5.124,5.115,5.082,5.082,5.014,5.039,5.082,4.059,5.141,5.048,5.073,6.13,4.997,3.028,2.969,2.994,4.059,4.059,5.073,5.082,4.059,4.059,4.059,https://www.youtube.com/watch?v=YnopHCL1Jk8,7,6.992,6.113,https://www.youtube.com/watch?v=mkJqzPfQtwM,4.059,6.155,6.121,https://www.youtube.com/watch?v=VoOG7LEyUJ0,7,7,6.172,https://www.youtube.com/watch?v=WQnAxOQxQIU,4.059,7,7,https://www.youtube.com/watch?v=ZbZSe6N_BXs,7,7,6.079,https://www.youtube.com/watch?v=1V4AscLidWg,7,7,6.104,https://www.youtube.com/watch?v=xFrGuyw1V8s,7,7,6.037
2022-07-06 12:19:27,2022-07-06 12:39:25,IP Address,195.166.151.105,99,1198,False,2022-07-11 13:38:31,R_3JlTpVEjqz93C4Z,,,,,,,anonymous,EN-GB,62b182ba39468032223841bb,"I consent, continue to experiment",44,Female,7,4.03,4.98,4.98,6.25,5.69,5.04,,,7,4.94,,,4.98,,4.97,6.1,,,1,7,,5.1,2.994,3.392,5.352,4.465,5.014,6.054,4.997,5.073,2.986,3.011,5.285,5.885,6.104,5.023,5.056,5.065,6.07,6.079,5.817,6.569,7,6.332,6.02,7,3.476,2.91,5.69,5.614,3.02,5.572,4.777,5.699,3.087,4.515,4.448,4.896,5.504,5.039,5.09,5.082,3.011,3.011,5.631,6.07,5.099,5.031,4.499,4.693,4.431,3.518,4.82,4.651,5.031,3.493,4.532,3.569,7,5.065,6.054,6.586,3.518,2.876,5.082,5.031,7,6.087,6.113,7,7,6.087,6.527,7,6.189,5.749,5.673,6.223,6.273,5.842,5.859,5.944,2.961,5.09,5.065,5.597,2.901,4.575,4.786,4.727,5.048,6.104,6.104,6.104,6.011,6.138,5.665,6.13,3.518,3.544,4.676,4.566,5.073,5.715,4.777,4.896,3.552,4.515,5.208,5.048,5.056,5.048,5.082,5.132,Ghost - Square Hammer,7,7,7,Beethoven Moonlight Sonata (1st movement),4.473,4.955,6.054,Kraftwerk - Music Non Stop,6.07,6.062,5.09,The Smiths - There Is A Light That Never Goes Out,5.107,1.93,7,Nirvana - Smells Like Teen Spirit,7,7,7,Ghost - Respite On The Spitalfields,6.172,7,7,Taylor Swift - Fearless,6.079,6.687,6.417
2022-07-06 12:19:15,2022-07-06 12:52:56,IP Address,86.8.152.139,99,2021,False,2022-07-11 13:38:32,R_1KkhR81xbuadh8X,,,,,,,anonymous,EN-GB,6140bf6523a8f20a2ea1e417,"I consent, continue to experiment",50,Male,4.02,1.93,5.03,5.07,1,7,2.87,5.06,2.04,1,4.88,4.92,1.36,4.49,1,1,2.91,7,7,1,2.36,5.32,6.23,3.451,1.989,5.031,1.465,5.386,5.513,4.777,6.054,5.006,4.389,2.377,2.961,4.515,4.625,4.659,3.966,5.42,2.369,5.124,1.406,5.107,1,6.594,1,2.969,5.479,4.98,4.549,4.338,4.439,4.059,5.039,2.944,5.006,3.975,3.975,5.056,5.656,4.921,5.563,3.4,4.685,4.355,4.532,5.073,6.054,5.606,6.417,5.023,4.676,5.09,4.439,6.003,6.315,6.062,6.459,4.482,4.262,3.569,1.946,4.735,4.786,4.625,4.685,5.056,1,6.104,1,4.414,4.304,2.817,1.346,4.93,4.49,5.006,3.696,5.006,3.434,4.98,2.099,3.408,5.039,4.49,4.98,5.082,6.079,4.482,5.631,5.006,4.566,3.459,4.499,2.969,5.563,1.904,6.028,2.944,2.961,2.994,1.008,5.073,2.513,5.031,1.38,2.935,5.606,4.515,5.42,5.048,2.462,5.023,2.132,https://www.youtube.com/watch?v=KnDZuGzEM2E,6.054,6.654,6.02,https://www.youtube.com/watch?v=qutfxAB36Zk,4.786,6.451,6.552,https://www.youtube.com/watch?v=Uzm6DG_ezOg,5.918,6.011,6.104,https://www.youtube.com/watch?v=QxD6Rb1p--w,3.527,5.09,5.935,https://www.youtube.com/watch?v=v8ebtAYQADM,6.493,6.476,6.172,https://www.youtube.com/watch?v=zppArCRgB18,6.096,6.408,6.113,https://www.youtube.com/watch?v=xXotKGLrNLI,4.989,6.079,5.766
2022-07-06 12:18:56,2022-07-06 12:37:41,IP Address,86.162.38.135,99,1125,False,2022-07-11 13:38:34,R_21gHz46FwHdw4M3,,,,,,,anonymous,EN-GB,627e7e91d0e389328983e765,"I consent, continue to experiment",51,Male,5.01,6.05,7,7,4.52,4.49,3.5,7,4.79,1,5.31,7,4.92,5.06,2.57,4.93,1.9,2.36,5.39,1,5.13,6.12,4.82,4.845,3.104,4.6,2.006,6.087,7,6.29,7,6.045,7,6.155,7,5.039,2.851,6.121,1.203,6.975,2.048,6.189,1,6.358,1,7,1,5.073,5.868,3.282,5.361,5.817,7,5.572,7,5.546,6.408,4.465,5.411,6.045,2.851,5.817,1,3.383,5.715,5.132,5.361,5.014,7,3.459,7,3.341,5.082,2.935,5.107,6.459,7,5.124,7,6.256,2.732,6.197,1.769,4.946,6.121,5.006,6.561,6.89,1.82,6.611,1,6.772,2.808,6.485,1,6.13,2.115,6.104,1,4.938,1.972,5.183,1.034,5.563,6.054,5.225,6.096,6.054,7,5.166,7,5.048,6.797,5.462,7,5.952,4.693,4.541,3.679,5.158,3.054,4.685,2.065,6.045,2.961,6.113,2.073,6.037,6.172,3.054,6.172,6.087,4.913,4.837,4.701,https://www.youtube.com/watch?v=W39Mo30-eJo,5.42,6.746,5.124,https://www.youtube.com/watch?v=jRrWVMmNYEI,5.876,7,5.259,https://www.youtube.com/watch?v=ob7r5FGcYpw,5.986,6.679,5.115,https://www.youtube.com/watch?v=Jn09UdSb3aA,6.146,6.865,5.758,https://www.youtube.com/watch?v=hF7BkvLJwqg,5.597,7,5.783,https://www.youtube.com/watch?v=8z9y1PQCXho,5.876,7,5.741,https://www.youtube.com/watch?v=oFen7IRKzEs,5.977,7,5.851
2022-07-06 12:18:06,2022-07-06 12:41:38,IP Address,90.212.14.59,99,1412,False,2022-07-11 13:38:35,R_qvZeSVreO0BA0o1,,,,,,,anonymous,EN-GB,5ce6525a185715001708c627,"I consent, continue to experiment",34,Male,,,7,5.1,5.17,3.01,6.22,7,5.21,6.3,4.01,6.34,,6.41,3.08,1,6.41,7,7,1,7,6.47,5.68,1.93,1.938,2.014,1.051,4.456,4.693,3.104,4.946,3.535,4.997,5.251,6.146,5.124,5.149,5.048,5.014,5.039,6.096,5.073,6.062,7,1.051,5.031,1.051,3.079,2.8,4.837,5.732,3.434,5.344,5.039,5.58,3.704,4.744,3.561,4.49,7,3.003,1,1.913,4.93,5.023,6.037,6.087,3.468,5.014,4.735,5.056,2.952,5.318,4.997,5.09,3.992,5.039,4,5.994,5.09,5.977,6.062,6.079,1.82,5.192,5.318,5.825,7,1.034,1.008,1.008,6.096,6.18,4.997,6.13,6.045,7,7,7,6.087,5.775,2.521,5.115,3.045,6.223,5.251,5.048,2.935,6.113,5.099,6.003,3.011,3.096,4.735,2.783,6.087,7,7,7,1.879,1.363,1.194,1.017,6.949,4.254,3.679,1.676,2.361,5.859,5.766,6.037,4.321,4.38,4.389,3.848,https://youtu.be/GRblYfKwa88,7,6.831,7,https://www.youtube.com/watch?v=fXJc2NYwHjw,1.896,7,7,https://www.youtube.com/watch?v=a-mAK3uB2_0,2.859,7,7,https://www.youtube.com/watch?v=OPvYdnvK9kU,3.121,4.068,7,https://www.youtube.com/watch?v=jgh10of6DKA,6.096,7,7,https://www.youtube.com/watch?v=HCDYgZM5yq0,5.082,7,7,https://youtu.be/PBwAxmrE194,3.054,7,7
2022-07-06 12:17:53,2022-07-06 12:37:51,IP Address,90.220.40.114,99,1197,False,2022-07-11 13:38:36,R_1NfeFBadsHvYbqQ,,,,,,,anonymous,EN-GB,5d41925ef7b99500012b960e,"I consent, continue to experiment",44,Male,4.07,3.21,4.81,4.93,2.27,6.14,5.01,4.92,4.07,5.08,4.2,4.94,3.14,4.48,3.72,1.86,4.18,2.99,3.65,1.26,4.9,3.45,4.3,2.986,3.713,4.228,3.451,4.938,5.31,1.896,4.499,3.315,4.085,2.437,2.851,5.048,4.397,4.913,6.239,6.992,4.254,5.183,4.93,7,2.073,4.879,5.192,2.834,4.862,4.617,5.623,1.921,7,5.31,6.679,2.208,4.389,1.997,3.544,6.113,5.268,4.608,4.921,3.577,5.073,4.194,4.972,2.893,4.913,4.279,4.752,5.073,2.394,1.608,1.549,4.532,3.028,3.552,3.755,6.882,5.69,6.079,6.527,4.38,3.67,2.572,2.952,7,6.907,6.408,6.992,6.721,5.606,6.18,6.713,6.189,5.073,4.22,5.555,7,5.428,5.58,6.121,2.868,6.924,6.332,6.873,3.679,5.099,4.668,5.572,4.372,5.91,6.003,5.944,6.358,5.132,2.901,5.656,3.045,3.882,3.028,2.648,6.028,4.27,2.986,5.065,3.611,4.87,5.099,6.054,5.031,3.848,2.656,3.392,https://www.youtube.com/watch?v=kIC0aQ56ASE,6.18,6.915,5.606,https://www.youtube.com/watch?v=Jad1-vxh1vQ,4.228,6.332,7,https://www.youtube.com/watch?v=o3RnYlBfaSo,6.941,6.746,5.589,https://www.youtube.com/watch?v=GB_S2qFh5lU,4.735,5.445,6.476,https://www.youtube.com/watch?v=BTg-tEig_Js,6.561,6.966,4.913,https://www.youtube.com/watch?v=XGV8xCkpXjE,6.037,5.623,6.13,https://www.youtube.com/watch?v=low6Coqrw9Y,5.158,5.792,6.704
2022-07-06 12:18:04,2022-07-06 12:42:34,IP Address,129.67.117.154,99,1470,False,2022-07-11 13:38:36,R_pic6fkkOBJ5K1Jn,,,,,,,anonymous,EN-GB,5baa7acf14779d0001a23968,"I consent, continue to experiment",30,Female,1.9,4.07,3.03,3.05,4.07,3.06,4.9,4.93,4.07,1,4.07,4.07,2.83,2.56,1.01,5.72,3.7,3.23,2.75,1.01,4.07,4.78,4.83,1.913,1.989,1.98,2.327,4.566,5.513,3.459,3.493,1.372,1.921,2.504,1.921,4.549,5.006,2.986,3.003,6.07,5.546,5.377,5.454,5.589,5.335,5.014,4.946,1.406,1.439,2.952,2.217,2.546,3.645,1.896,1.946,4.059,5.056,2.961,5.014,5.631,4.355,3.476,3.451,1.913,1.862,4.059,1.946,2.91,2.994,1.913,2.445,3.696,4.558,3.003,3.07,1.946,2.969,2.944,1.913,5.589,5.014,4.532,4.532,2.327,4.008,3.4,3.662,6.983,6.07,4.997,5.039,6.037,5.555,4.989,5.538,5.039,3.687,3.468,2.977,3.062,1.946,2.935,1.938,3.501,4.777,4.262,5.023,2.42,4.997,3.485,3.535,2.175,4.059,1.938,1.946,2.944,2.961,4.059,2.961,1.938,1.946,1.22,1.921,6.054,6.011,5.606,6.07,2.961,5.031,4.059,5.42,4.059,4.608,4.566,4.625,https://www.youtube.com/watch?v=xFrGuyw1V8s,6.603,7,5.513,https://www.youtube.com/watch?v=2zkjQVh5KmQ,2.47,4.558,3.417,https://www.youtube.com/watch?v=X7bHe--mp1g,6.037,6.603,4.989,https://www.youtube.com/watch?v=hLQl3WQQoQ0,5.546,3.417,6.839,https://www.youtube.com/watch?v=nYh-n7EOtMA,6.586,6.07,2.42,https://www.youtube.com/watch?v=SbUBMklQSVU,6.637,5.572,3.408,https://www.youtube.com/watch?v=oVQqmH4ufCQ,4.608,4.507,5.623
2022-07-06 12:17:49,2022-07-06 13:12:29,IP Address,81.111.97.2,99,3279,False,2022-07-11 13:38:36,R_0MuuyMzE9585Y2t,,,,,,,anonymous,EN-GB,595f5d26b752840001ca4451,"I consent, continue to experiment",39,Female,4.91,3.19,4.07,4.07,1.85,4.84,5.12,4.89,1.63,5.93,2.42,3.48,5.02,5.68,2.22,5.92,5.16,4.9,2.69,2.23,5.92,5.21,5.75,5.006,5.048,4.989,5.166,5.082,5.158,5.158,5.115,1.913,6.265,5.166,5.107,5.192,5.149,4.989,5.023,6.958,7,6.915,6.915,6.746,6.003,6.037,6.045,2.082,6.003,6.011,5.994,2.91,6.307,6.096,5.969,6.104,6.873,6.07,6.172,6.223,2.031,2.082,1.076,3.062,4.008,3.062,3.096,2.977,5.065,5.112,4.914,5.293,6.915,5.09,5.318,2.977,4.997,4.955,5.056,6.037,6.104,6.062,6.054,2.961,5.039,5.023,5.006,7,5.115,4.972,5.192,6.882,3.062,4.921,5.977,4.921,5.536,5.014,5.056,7,4.963,5.124,5.137,5.183,5.056,5.023,5.09,2.935,5.442,4.059,4.059,6.915,7,5.09,6.087,4.989,5.006,4.87,5.048,5.056,5.124,5.023,5.023,6.992,6.941,4.955,6.949,7,7,7,6.975,5.107,5.166,5.192,5.166,https://www.youtube.com/watch?v=5Rswx2Z7SDw,6.958,7,6.924,https://www.youtube.com/watch?v=9Ht5RZpzPqw,7,7,7,https://www.youtube.com/watch?v=d55ELY17CFM,7,7,6.983,https://www.youtube.com/watch?v=NyVYXRD1Ans&list=PLi0vNpDrBJPdGH3LoC85PgixsOq5vDUV3,7,6.992,6.932,https://www.youtube.com/watch?v=k6EQAOmJrbw,7,6.915,7,https://www.youtube.com/watch?v=k6EQAOmJrbw,7,7,7,https://www.youtube.com/watch?v=RRKJiM9Njr8,7,6.949,6.882
2022-07-06 12:16:47,2022-07-06 12:38:33,IP Address,90.218.19.203,99,1306,False,2022-07-11 13:38:40,R_1NknYviWJ5plL9w,,,,,,,anonymous,EN-GB,5af5a5c3226ed5000133d67c,"I consent, continue to experiment",47,Male,7,4,5.15,5.16,1.95,7,2,6.21,1,5.38,4.08,4.06,3.2,2.25,1,4.81,4.79,4.83,5.65,1,6.09,4.03,2.22,3.392,4.423,2.513,3.417,2.141,4.634,3.29,4.38,3.4,4.346,2.901,4.549,3.501,2.961,2.479,3.332,6.087,5.369,4.439,5.014,5.673,4.499,4.98,4.989,2.648,5.099,4.473,5.014,2.546,5.969,5.361,4.98,3.408,4.744,5.031,4.913,3.476,3.214,2.656,2.445,3.113,4.608,5.056,4.524,2.893,4.735,3.273,4.473,5.065,4.634,3.78,4.33,3.13,2.115,3.383,4.389,5.699,4.507,4.718,5.301,2.479,2.901,4.397,4.769,6.459,5.428,5.749,4.845,6.054,5.369,5.192,5.496,4.465,2.944,3.273,2.217,4.135,3.223,2.377,2.741,6.079,4.575,3.434,4.169,3.206,4.482,2.352,3.645,2.411,4.406,2.741,4.482,5.437,4.676,4.304,4.085,3.028,3.645,2.656,3.501,5.158,2.521,3.349,1.617,2.927,2.572,2.631,2.141,5.411,5.099,4.541,4.794,https://www.youtube.com/watch?v=FOx81aG-EN4,7,6.501,6.079,https://www.youtube.com/watch?v=IXdNnw99-Ic,2.293,6.206,6.535,https://www.youtube.com/watch?v=kON_KRmFRKk,6.248,6.586,6.087,https://www.youtube.com/watch?v=lrulQAZq7Y8,3.738,5.014,6.104,https://www.youtube.com/watch?v=gAjR4_CbPpQ,7,6.104,6.552,https://www.youtube.com/watch?v=rVNCpCy8gLc,5.513,6.028,5.69,https://www.youtube.com/watch?v=_kE0pxRkMtQ,6.518,6.087,5.825
2022-07-06 12:16:27,2022-07-06 12:55:36,IP Address,86.171.115.81,99,2348,False,2022-07-11 13:38:43,R_C8oMhT2w0XeB1tv,,,,,,,anonymous,EN-GB,59dccd61e75b450001a689b7,"I consent, continue to experiment",51,Male,5.14,5.14,7,6.16,6.22,4.07,5.11,5.96,4.55,3.1,5.25,6.96,4.07,5.23,4.75,4.93,4.43,4.43,5.78,4.07,5.41,5.45,6.19,1.93,1.879,3.02,1.076,6.18,7,6.07,7,6.045,7,7,7,5.91,1.854,4.059,3.054,7,1.93,5.031,1.118,7,5.056,4.972,4.98,5.158,6.011,5.225,6.011,5.192,7,6.121,6.07,5.014,6.045,5.039,6.037,5.986,1.803,3.011,1.008,4.059,5.885,5.132,6.087,6.096,7,5.073,7,4.034,6.079,5.977,6.062,5.986,6.028,5.082,6.079,6.146,2.842,4.989,1.008,5.132,7,6.104,6.121,6.941,5.986,6.104,5.031,6.054,4.997,4.938,2.944,5.048,5.107,4.059,5.031,5.944,4.059,2.994,2.014,2.901,4.059,4.059,4.059,5.065,6.146,5.961,7,4.059,6.062,6.045,6.079,5.986,1.913,2.918,2.023,2.969,4.059,1.938,1.008,4.059,1.837,4.059,1.008,3.011,4.059,4.059,4.059,5.031,1.963,5.031,1.008,https://www.youtube.com/watch?v=M2hi_ZBKzRc&list=PLFjJeW7YP9nkxtXgPGKLCvKVS99xwokEt&index=66,5.961,7,7,https://www.youtube.com/watch?v=gPfZE6DPW0E,5.09,7,6.966,https://www.youtube.com/watch?v=V0RQuNexpJk,5.132,7,6.13,https://www.youtube.com/watch?v=k6DkbZ2EKlc&list=PLFjJeW7YP9nkxtXgPGKLCvKVS99xwokEt&index=19,4.059,6.037,4.997,https://www.youtube.com/watch?v=rRzJq9GvUjY,7,7,6.239,https://www.youtube.com/watch?v=CEkeRtzbUqg,5.893,7,7,https://www.youtube.com/watch?v=7fjTY_ABMj0,6.07,7,6.138
2022-07-06 12:15:49,2022-07-06 12:30:48,IP Address,77.100.220.25,99,898,False,2022-07-11 13:38:44,R_reFSON1pXA6nALD,,,,,,,anonymous,EN-GB,62a212208e8395cfb1c4e42b,"I consent, continue to experiment",37,Male,5.06,4.02,4.02,4.08,4.07,5.65,4.21,3.8,2.83,4.59,2.66,4.17,3.35,4.29,2.39,4.57,5.06,4.3,3.05,1.23,6.8,2.39,3.29,2.935,3.459,3.425,2.673,2.944,4.186,1.972,4.634,2.961,4.076,6.087,4.566,7,1.963,1.761,2.479,7,4.059,1.913,5.935,7,5.048,5.099,2.589,2.977,4.752,5.065,5.124,1.879,6.451,5.623,5.589,2.91,5.115,2.031,4.583,6.054,2.927,1.448,3.02,3.375,4.355,5.589,5.411,2.048,4.304,2.504,4.6,4.515,6.087,1.963,5.023,2.454,4.837,2.285,4.608,6.569,2.403,4.515,4.532,1.262,3.552,4.059,4.735,7,4.854,1.828,2.673,6.628,2.952,2.555,5.039,6.087,4.008,1,3.062,4.963,3.459,2.301,3.611,2.969,5.082,4.997,5.099,2.606,3.29,2.479,2.935,1.118,5.563,5.623,4.989,5.521,4.482,4.059,4.059,2.513,2.225,4.439,2.217,7,4.499,1.938,4.059,1.904,4.515,3.425,5.521,5.039,4.059,2.986,4.025,https://www.youtube.com/watch?v=1VQ_3sBZEm0,6.983,6.992,6.493,https://www.youtube.com/watch?v=--wy8QmLlM8,2.521,6.823,7,https://www.youtube.com/watch?v=Eyjj8BgsBGU,1.6,6.13,6.054,https://www.youtube.com/watch?v=mQMVHhxTtLc,7,7,7,https://www.youtube.com/watch?v=a1rlf_WY07o,7,7,7,https://www.youtube.com/watch?v=3iJxtI4ept0,7,3.028,6.096,https://www.youtube.com/watch?v=cmpRLQZkTb8,6.992,6.983,7
2022-07-06 12:16:02,2022-07-06 12:43:34,IP Address,82.44.23.124,99,1651,False,2022-07-11 13:38:48,R_1gCTDskMHlB9IoZ,,,,,,,anonymous,EN-GB,578917da4d107800016db836,"I consent, continue to experiment",56,Female,7,1,5.02,4.99,1,4.96,1,4.96,1,1,4.85,1,1,7,1,7,7,1,4.85,1,7,5.94,4.79,3.037,2.918,3.003,2.023,3.02,2.006,2.994,1,3.949,4,2.014,3.941,3.983,1,7,1,7,6.146,6.087,5.648,6.062,7,7,6.104,3.992,1,7,1,4.051,5.107,3.983,6.087,3.062,3.011,2.918,1,4.076,1,7,1,3.966,2.031,6.054,1.921,4.017,1,6.003,1,2.91,3.958,2.986,3.037,3.975,3.011,2.039,1,7,7,7,7,4.997,6.054,5.023,6.028,7,7,5.082,5.065,7,7,7,6.121,3.992,1,5.073,1,4.085,1,7,1,1.938,2.944,1.921,1.938,4.008,2.977,2.977,1,2.986,3.02,2.969,1.98,4.059,3.045,4.972,3.079,1.887,1.879,3.983,1.93,5.056,4.017,4.008,1,2.986,2.994,2.986,1.913,6.062,1.913,1.93,1,https://www.youtube.com/watch?v=PNdKlR-T0C4,7,7,7,https://www.youtube.com/watch?v=pW5hjWVS3ho,7,7,7,https://www.youtube.com/watch?v=mgZ5Bcvnb6Y,7,7,7,https://www.youtube.com/watch?v=h1DDndY0FLI,7,7,7,https://www.youtube.com/watch?v=etviGf1uWlg,7,7,6.983,https://www.youtube.com/watch?v=oAeotgCHL3E,7,7,7,https://www.youtube.com/watch?v=urJW5ed-5G4,7,7,7
2022-07-06 12:15:36,2022-07-06 13:07:12,IP Address,212.82.82.234,99,3096,False,2022-07-11 13:38:49,R_2xyeYkPUEHcmPuZ,,,,,,,anonymous,EN-GB,5e3723a2c0b2896ad554be73,"I consent, continue to experiment",45,Female,5.01,5.14,5.05,5.07,5.89,5.9,5.12,5.17,5.19,5.26,5.28,5.27,5.34,5.73,4.95,6.41,5.59,6.44,6.42,2.89,6.23,6.26,6.32,5.082,5.504,5.572,5.859,2.411,4.532,4.566,5.073,2.454,3.045,2.986,3.045,6.408,6.138,6.138,6.273,6.485,5.166,4.6,5.724,6.992,6.434,6.121,6.603,1.625,2.454,2.124,2.572,1.921,2.969,3.062,4.059,4.059,4.059,4.059,4.059,5.149,5.099,5.099,6.087,2.487,2.994,2.555,2.986,2.935,5.42,5.065,5.623,2.994,4.059,4.059,4.059,4.524,5.445,5.073,5.513,6.07,5.977,5.563,6.113,4.059,4.6,4.625,4.701,6.62,6.146,6.087,6.239,6.07,6.037,5.986,6.189,6.113,6.366,5.656,6.104,6.079,6.087,5.851,6.138,1.997,4.059,2.817,5.115,2.428,4.642,4.718,5.082,2.927,5.141,4.972,5.149,5.149,5.868,5.808,6.113,5.115,5.124,4.592,5.099,5.099,5.031,5.073,5.09,3.003,2.986,4.507,4.515,5.648,6.121,5.614,6.29,https://youtu.be/gmdWilhUUg8,5.834,6.13,5.977,https://youtu.be/UrIiLvg58SY,2.977,5.961,5.775,https://youtu.be/IwH9YvhPN7c,5.039,6.079,6.096,https://youtu.be/1Cw1ng75KP0,5.868,6.045,5.724,https://youtu.be/KPhqU--Mq1A,6.087,6.29,6.18,https://youtu.be/jZNWEPqZ7zw,6.155,6.163,6.104,https://youtu.be/0kL4eCpSKWs,5.656,6.315,6.18
2022-07-06 12:15:32,2022-07-06 12:32:02,IP Address,90.221.249.236,99,989,False,2022-07-11 13:39:02,R_3gBO0MoM5Ujp7Il,,,,,,,anonymous,EN-GB,5f0f59f3bc44f50f92845a05,"I consent, continue to experiment",40,Female,4.01,4.01,4.01,4.01,4.01,5.14,4.01,4.01,4.01,5.14,4.01,4.01,4.01,4.91,4.01,6.11,4.01,5,4.01,4.01,6.05,4.68,5.62,2.994,4,3.087,3.079,3.256,4,3.028,4,2.961,3.113,2.969,2.994,5.504,5.977,6.037,6.011,6.958,3.265,5.682,6.054,6.949,3.349,5.555,4,2.885,3.375,3.755,3.561,1.955,4,1.997,3.265,5.073,5.09,3.814,4.541,5.732,5.834,6.713,5.8,3.172,4,4.456,4,3.425,4,4,4,5.023,4.93,5.014,5.023,3.028,5.073,4,5.048,6.645,6.189,6.155,6.02,2.141,4,4.87,4,7,7,6.992,6.992,6.924,6.949,6.907,6.696,6.544,6.527,5.597,5.555,5.994,6.586,6.011,6.079,2.048,5.994,4.524,5.234,4,4,4,4,2.555,4.397,4.313,4,5.361,5.487,5.225,5.665,2.927,4,3.256,4,5.166,5.546,5.445,4.777,4,5.082,4,5.141,5.808,5.496,5.479,5.513,The Killers - Mr Brightside,6.831,6.992,6.907,Katie Melua - Wonderful Life,3.163,5.259,5.597,Elbow - One Day Like This,5.285,6.096,6.206,Queen - Bicycle Race,5.411,6.915,6.51,Swedish House Mafia - Don't You Worry Child,6.417,6.78,6.831,Jack Johnson - better together,2.707,6.501,5.09,Oasis - Wonderwall,5.656,6.89,6.535
